month,day,year,capturetime,releasetime,bandnumber,species,age,sex,wing,hallux,tail,standardtail,tarsus,wingpitfat,keelfat,crop
9,19,1992,13:30,,877-76317,RT,I,,385.0,30.1,219,,,,,
9,22,1992,10:30, ,877-76318,RT,I,,376.0,,221,,,,,
9,23,1992,12:45, ,877-76319,RT,I,,381.0,31.3,235,,,,,
9,23,1992,10:50, ,745-49508,CH,I,F,265.0,23.5,220,,,,,
9,27,1992,11:15, ,1253-98801,SS,I,F,205.0,14.3,157,,,,,
9,28,1992,11:25, ,1207-55910 ,RT,I,,412.0,32.2,230,,,,,
9,28,1992,13:30, ,877-76320,RT,I,,370.0,30.1,212,,,,,
9,29,1992,11:45, ,877-76321,RT,A,,375.0,30.0,243,,,,,
9,29,1992,15:35, ,877-76322,RT,A,,412.0,31.3,210,,,,,
9,30,1992,13:45, ,1207-55911,RT,I,,405.0,30.2,238,,,,,
10,5,1992,13:30, ,877-76323,RT,I,,393.0,30.8,222,,,,,
10,8,1992,13:45, ,877-76324,RT,I,,371.0,29.7,217,,,,,
10,9,1992,12:30, ,877-76325,RT,A,,390.0,30.9,213,,,,,
10,10,1992,11:05, ,1207-55917,RT,A,,393.0,30.6,238,,,,,
10,11,1992,11:00, ,1207-55912,RT,I,,416.0,34.0,243,,,,,
10,11,1992,11:45, ,1207-55913,RT,A,,436.0,34.0,232,,,,,
10,11,1992,12:40, ,877-76326,RT,I,,418.0,31.0,238,,,,,
10,11,1992,14:20, ,877-76327,RT,A,,381.0,28.9,202,,,,,
10,12,1992,13:40, ,877-76328,RT,I,,378.0,28.2,227,,,,,
10,13,1992,11:00, ,877-76329,RT,I,,396.0,26.9,227,,,,,
10,13,1992,14:50, ,877-76330,RT,I,,399.0,31.2,222,,,,,
10,14,1992,13:15, ,877-76331,RT,I,,416.0,31.6,237,,,,,
10,17,1992,12:10, ,877-76332,RT,I,,415.0,30.7,238,,,,,
10,22,1992,13:05, ,877-76333,RT,A,,392.0,30.3,213,,,,,
10,23,1992,11:45, ,877-76334,RT,I,,380.0,30.0,211,,,,,
10,23,1992,16:05, ,1173-19901,SS,I,M,173.0,,130,,,,,
10,24,1992,14:35, ,877-76335,RT,I,,399.0,32.5,190,,,,,
10,25,1992,12:05, ,1207-55914,RT,A,,401.0,31.6,245,,,,,
10,27,1992,10:05, ,1253-98802,SS,I,F,205.0,15.0,164,,,,,
10,27,1992,10:45, ,608-48703,RT,I,,427.0,32.4,246,,,,,
10,27,1992,15:15, ,1207-55915,RT,A,,395.0,31.4,207,,,,,
10,30,1992,11:05, ,877-76336,RT,I,,362.0,27.9,209,,,,,
11,3,1992,10:15, ,1207-55916,RT,A,,396.0,29.7,200,,,,,
11,8,1992,11:45, ,1207-55918,RT,A,,391.0,32.4,215,,,,,
11,8,1992,13:30, ,1207-55919,RT,A,,413.0,31.3,219,,,,,
11,13,1992,10:45, ,987-53707,RT,A,,371.0,27.2,198,,,,,
11,16,1992,11:15, ,1207-55920,RT,A,,385.0,30.1,207,,,,,
11,21,1992,14:00, ,877-76337,RT,A,,378.0,31.3,204,,,,,
11,22,1992,10:08, ,1207-55921,RT,A,,416.0,30.8,205,,,,,
9,13,1993,14:25, ,173-19904,SS,I,M,193.0,101.0,144,,,,,
9,17,1993,15:25, ,193-19905,SS,I,M,171.0,11.5,136,,,,,
9,20,1993,13:45, ,120407-804,CH,I,,233.0,19.3,191,,,,,
9,21,1993,15:11, ,877-76339,RT,I,,384.0,31.2,230,,,,,
9,22,1993,13:50, ,877-76340,RT,I,,382.0,29.4,227,,,,,
9,22,1993,15:55, ,877-76341,RT,I,,390.0,30.3,208,,,,,
9,27,1993,12:15, ,877-76342,RT,I,,390.0,28.3,231,,,,,
9,27,1993,13:00, ,877-76344,RT,I,,393.0,29.8,222,,,,,
9,27,1993,13:20, ,877-76345,RT,I,,378.0,31.2,225,,,,,
9,27,1993,15:03, ,877-76346,RT,I,,398.0,30.9,225,,,,,
9,28,1993,11:50, ,877-76347,RT,I,,412.0,31.55,233,,,,,
9,28,1993,12:45, ,877-76348,RT,I,,400.0,29.3,214,,,,,
9,29,1993,09:53, ,877-76349,RT,I,,422.0,28.3,233,,,,,
9,29,1993,10:25, ,1253-98803,SS,I,F,202.0,13.7,158,,,,,
9,29,1993,15:30, ,877-76350,RT,I,,394.0,31.6,245,,,,,
9,30,1993,13:25, ,787-53708,RT,I,,369.0,26.5,210,,,,,
10,1,1993,10:20, ,745-49512,CH,I,F,252.0,20.8,230,,,,,
10,1,1993,10:45, ,745-49513,CH,A,M,240.0,19.3,192,,,,,
10,3,1993,13:35, ,1207-55922,RT,I,,410.0,31.4,229,,,,,
10,4,1993,11:25, ,1207-55923,RT,I,,241.0,36.4,235,,,,,
10,7,1993,14:40, ,1207-55924,RT,I,,408.0,33.4,221,,,,,
10,9,1993,09:38, ,877-76351,RT,I,,37.2,26.65,210,,,,,
10,9,1993,10:20, ,877-76552,RT,I,,380.0,26.1,212,,,,,
10,10,1993,11:25, ,1207-55927,RT,I,,396.0,32.5,225,,,,,
10,10,1993,13:27, ,877-76353,RT,I,,326.0,27.7,215,,,,,
10,11,1993,11:35, ,1173-19906,SS,I,M,158.0,10.5,122,,,,,
10,11,1993,14:00, ,877-76354,RT,I,,416.0,32.7,235,,,,,
10,12,1993,13:15, ,745-49515,CH,I,F,271.0,24.75,232,,,,,
10,13,1993,09:23, ,1173-19907,SS,A,M,176.0,11.1,133,,,,,
10,14,1993,14:05, ,1373-35272,SS,A,F,194.0,14.2,154,,,,,
10,21,1993,09:20, ,877-76355,RT,A,,390.0,29.1,209,,,,,
10,21,1993,15:30, ,877-76357,RT,A,,391.0,29.4,212,,,,,
10,22,1993,16:35, ,877-76358,RT,A,,387.0,31.0,209,,,,,
10,23,1993,13:05, ,1207-55941,RT,I,,420.0,34.3,250,,,,,
10,25,1993,14:12, ,877-76359,RT,A,,435.0,30.6,235,,,,,
10,26,1993,15:55, ,877-76360,RT,A,,400.0,28.6,222,,,,,
10,31,1993,11:35, ,1207-55947,RT,I,,398.0,31.5,236,,,,,
11,5,1993,11:00, ,877-76361,RT,I,,395.0,28.9,210,,,,,
11,18,1993,10:37, ,877-76362,RT,I,,410.0,33.2,239,,,,,
9,6,1994,09:55, ,1387-99101,RT,I,,369.0,31.5,228,,,,,
9,6,1994,10:40, ,1387-99102,RT,I,,372.0,31.1,220,,,,,
9,7,1994,12:27, ,1387-99104,RT,I,,415.0,33.5,233,,,,,
9,7,1994,13:35, ,1387-99103,RT,I,,412.0,32.6,236,,,,,
9,8,1994,12:10, ,1423-16201,SS,I,F,205.0,14.4,155,,,,,
9,9,1994,09:02, ,2003-58433,SS,I,F,204.0,14.8,152,,,,,
9,9,1994,10:47, ,872-09611,SS,I,M,170.0,11.3,135,,,,,
9,12,1994,11:24, ,1204-45804,CH,A,M,233.0,19.4,186,,,,,
9,12,1994,13:50, ,1387-97105,RT,I,,375.0,30.0,216,,,,,
9,13,1994,11:58, ,1387-79106,RT,I,,385.0,31.4,233,,,,,
9,15,1994,12:45, ,1207-64601,RT,I,,422.0,32.0,248,,,,,
9,15,1994,13:20, ,1387-79107,RT,I,,391.0,32.2,221,,,,,
9,15,1994,13:35, ,1387-79108,RT,I,,410.0,308.0,227,,,,,
9,16,1994,10:23, ,1387-79109,RT,I,,385.0,27.8,223,,,,,
9,16,1994,11:20, ,1387-79111,RT,I,,381.0,29.8,219,,,,,
8,18,1994,12:05, ,1207-64602,RT,A,,416.0,31.3,225,,,,,
9,18,1994,13:20, ,1207-64603,RT,I,,406.0,33.7,238,,,,,
9,19,1994,12:58, ,1207-64604,RT,I,,418.0,341.4,235,,,,,
9,19,1994,14:05, ,1207-64605,RT,I,,412.0,33.8,222,,,,,
9,20,1994,09:05, ,2003-58435,SS,A,F,208.0,14.8,155,,,,,
9,20,1994,09:33, ,2003-58436,SS,I,F,208.0,14.9,160,,,,,
9,20,1994,11:04, ,1423-16203,SS,I,M,175.0,11.5,137,,,,,
9,20,1994,12:10, ,1423-16204,SS,I,M,166.0,11.3,127,,,,,
9,29,1994,13:55, ,1387-79112,RT,I,,405.0,29.9,238,,,,,
9,20,1994,14:00, ,2003-58437,SS,A,F,198.0,143.0,150,,,,,
9,29,1994,14:45, ,2003-58438,SS,I,F,200.0,14.4,150,,,,,
9,21,1994,13:50, ,1387-79113,RT,I,,380.0,28.7,229,,,,,
9,23,1994,11:48, ,1387-79114,RT,I,,381.0,29.1,227,,,,,
9,26,1994,10:28, ,872-09612,SS,I,M,169.0,10.2,129,,,,,
9,26,1994,10:54, ,2206-35417,CH,I,F,260.0,23.9,220,,,,,
9,26,1994,12:10, ,1207-64606,RT,I,,428.0,34.7,245,,,,,
9,26,1994,14:02, ,1207-64607,RT,I,,400.0,31.4,223,,,,,
9,27,1994,08:00, ,1705-24603,CH,I,F,265.0,22.5,224,,,,,
9,27,1994,11:55, ,1423-16205,SS,I,M,177.0,11.3,133,,,,,
9,27,1994,15:40, ,1307-79115,RT,I,,381.0,31.7,210,,,,,
9,28,1994,09:25, ,1387-79116,RT,I,,403.0,29.7,234,,,,,
9,28,1994,11:10, ,1387-79117,RT,I,,382.0,29.0,219,,,,,
9,28,1994,11:38, ,1387-79118,RT,I,,382.0,29.0,216,,,,,
9,28,1994,13:02, ,1387-79119,RT,I,,399.0,29.9,230,,,,,
9,29,1994,13:55, ,1387-79120,RT,I,,380.0,29.0,223,,,,,
9,29,1994,13:16, ,1387-79121,RT,I,,375.0,30.6,220,,,,,
9,30,1994,10:39, ,1207-64608,RT,I,,420.0,32.6,241,,,,,
10,3,1994,11:13, ,872-09613,SS,I,M,170.0,11.0,136,,,,,
10,3,1994,13:07, ,872-09614,SS,A,M,177.0,11.3,137,,,,,
10,4,1994,13:37, ,1387-79122,RT,I,,375.0,29.5,223,,,,,
10,4,1994,14:45, ,1207-64609,RT,I,,395.0,31.7,238,,,,,
10,5,1994,11:55, ,872-09615,SS,A,M,170.0,11.2,126,,,,,
10,5,1994,13:55, ,1207-64610,RT,I,,406.0,32.0,235,,,,,
10,5,1994,15:17, ,1207-64611,RT,I,,414.0,33.0,240,,,,,
10,5,1994,16:00, ,872-09616,SS,I,M,173.0,19.4,137,,,,,
10,6,1994,10:45, ,2003-58439,SS,I,F,209.0,13.9,160,,,,,
10,6,1994,11:23, ,872-09617,SS,I,M,177.0,12.1,140,,,,,
10,7,1994,10:50, ,1387-79123,RT,I,,388.0,29.8,220,,,,,
10,7,1994,11:24, ,1387-79124,RT,I,,277.0,30.4,218,,,,,
10,7,1994,12:15, ,1207-64612,RT,I,,423.0,34.1,234,,,,,
10,7,1994,15:40, ,1387-79125,RT,I,,365.0,30.8,232,,,,,
10,7,1994,16:35, ,1387-79126,RT,I,,383.0,31.8,221,,,,,
10,10,1994,11:02, ,1387-79127,RT,I,,391.0,30.9,220,,,,,
10,10,1994,12:01, ,1387-79128,RT,I,,389.0,30.3,232,,,,,
10,10,1994,12:23, ,1387-79129,RT,I,,392.0,29.8,214,,,,,
10,10,1994,13:10, ,1387-79130,RT,I,,375.0,29.9,225,,,,,
10,10,1994,13:50, ,1207-64613,RT,I,,410.0,28.9,238,,,,,
10,10,1994,15:07, ,872-09618,SS,I,M,179.0,11.6,133,,,,,
10,11,1994,08:52, ,872-09619,SS,I,M,172.0,10.8,136,,,,,
10,11,1994,12:36, ,2003-58440,SS,A,F,202.0,14.1,151,,,,,
10,12,1994,11:15, ,1423-16206,SS,I,M,174.0,11.0,131,,,,,
10,13,1994,13:05, ,1207-64614,RT,I,,422.0,31.3,238,,,,,
10,13,1994,14:00, ,1387-79131,RT,I,,385.0,27.5,229,,,,,
10,16,1994,12:05, ,1387-79132,RT,I,,363.0,28.8,202,,,,,
10,16,1994,11:30, ,1207-64615,RT,I,,450.0,32.8,226,,,,,
10,18,1994,10:00, ,1287-79133,RT,I,,380.0,30.1,220,,,,,
10,18,1994,12:35, ,1387-79134,RT,I,,385.0,30.1,215,,,,,
10,18,1994,13:30, ,1387-79135,RT,I,,385.0,30.2,122,,,,,
10,19,1994,09:08, ,872-09620,SS,I,M,171.0,11.5,134,,,,,
10,19,1994,10:46, ,1387-79136,RT,I,,380.0,26.5,215,,,,,
10,19,1994,11:27, ,1387-79137,RT,I,,384.0,30.7,208,,,,,
10,19,1994,12:15, ,1387-79138,RT,I,,373.0,32.1,211,,,,,
10,19,1994,12:55, ,1387-79139,RT,I,,381.0,34.2,220,,,,,
10,19,1994,13:35, ,1387-79140,RT,I,,363.0,30.4,204,,,,,
10,19,1994,13:50, ,1387-79141,RT,I,,409.0,31.6,229,,,,,
10,20,1994,12:00, ,1387-79142,RT,A,,390.0,29.0,205,,,,,
10,21,1994,10:12, ,2003-58441,SS,I,F,204.0,14.3,155,,,,,
10,22,1994,14:45, ,1423-16207,SS,I,F,197.0,13.9,150,,,,,
10,23,1994,11:06, ,1387-79143,RT,I,,420.0,27.4,244,,,,,
10,23,1994,11:36, ,1387-79144,RT,I,,381.0,28.2,225,,,,,
10,23,1994,13:09, ,1207-64616,RT,I,,408.0,33.9,239,,,,,
10,23,1994,14:25, ,1387079145,RT,I,,388.0,30.7,222,,,,,
10,23,1994,15:00, ,1387-79146,RT,A,,398.0,31.4,209,,,,,
10,24,1994,09:05, ,1423-16208,SS,I,F,209.0,14.6,164,,,,,
10,25,1994,10:25, ,2003-58442,SS,I,F,209.0,15.1,159,,,,,
10,25,1994,14:00, ,1387-079147,RT,A,,394.0,29.7,211,,,,,
10,25,1994,14:19, ,1423-11209,SS,A,F,204.0,15.2,160,,,,,
10,26,1994,9.12, ,1423-16210,SS,I,F,204.0,14.3,157,,,,,
10,26,1994,10:29, ,2003-58443,SS,I,F,209.0,14.4,160,,,,,
10,26,1994,11:39, ,1387-79148,RT,I,,394.0,29.2,216,,,,,
10,26,1994,14:55, ,1207-64617,RT,I,,416.0,31.8,250,,,,,
10,26,1994,15:40, ,1207-64618,RT,I,,445.0,34.6,260,,,,,
10,27,1994,09:15, ,2003-58444,SS,I,F,209.0,14.5,164,,,,,
10,27,1994,10:55, ,1387-79149,RT,I,,388.0,28.9,217,,,,,
10,27,1994,11:50, ,1387-79150,RT,I,,397.0,31.4,228,,,,,
10,27,1994,12:24, ,1387-79151,RT,I,,384.0,30.5,218,,,,,
10,27,1994,13:37, ,1387-79152,RT,I,,379.0,30.9,220,,,,,
10,28,1994,10:05, ,1387-79199,RT,I,,393.0,31.1,227,,,,,
10,28,1994,10:45, ,1387-79153,RT,I,,386.0,30.2,211,,,,,
10,29,1994,11:05, ,1387-79154,RT,I,,397.0,30.6,222,,,,,
10,29,1994,11:50, ,1387-79155,RT,I,,382.0,30.1,225,,,,,
11,1,1994,10:45, ,1387-79156,RT,I,,386.0,30.2,221,,,,,
11,1,1994,11:21, ,1387-79157,RT,I,,417.0,32.4,231,,,,,
11,2,1994,11:41, ,1387-79158,RT,I,,403.0,33.1,235,,,,,
11,2,1994,12:26, ,1204-45805,CH,A,M,239.0,19.2,182,,,,,
11,2,1994,12:20, ,1207-64619,RT,I,,401.0,82.8,235,,,,,
11,2,1994,14:52, ,1387-79159,RT,A,,377.0,29.1,200,,,,,
11,6,1994,09:55, ,1207-64620,RT,A,,432.0,32.9,216,,,,,
11,6,1994,10:30, ,1207-64621,RT,I,,390.0,30.5,223,,,,,
11,6,1994,11:40, ,1387-79160,RT,I,,381.0,29.9,210,,,,,
11,7,1994,11:22, ,1387-79161,RT,I,,403.0,29.9,229,,,,,
11,7,1994,12:47, ,1423-16211,SS,I,F,213.0,15.5,160,,,,,
11,9,1994,09:46, ,872-09621,SS,I,M,172.0,10.8,125,,,,,
11,9,1994,15:02, ,1807-53101,RT,I,,390.0,28.8,226,,,,,
11,11,1994,10:00, ,1423-16212,SS,I,F,204.0,13.9,154,,,,,
11,11,1994,11:59, ,1387-79162,RT,A,,386.0,29.4,207,,,,,
11,11,1994,14:42, ,1387-79163,RT,I,,402.0,30.0,238,,,,,
11,11,1994,15:01, ,1423-16213,SS,I,F,201.0,13.5,151,,,,,
11,11,1994,15:23, ,1423-16214,SS,I,F,202.0,14.8,158,,,,,
11,15,1994,11:40, ,1387-79164,RT,A,,374.0,30.1,197,,,,,
11,16,1994,11:15, ,1807-53103,RT,I,,358.0,28.7,250,,,,,
11,16,1994,12:19, ,1387-79165,RT,I,,370.0,29.8,215,,,,,
11,21,1994,10:40, ,1387-79166,RT,I,,390.0,30.0,214,,,,,
11,21,1994,13:33, ,1387-79167,RT,I,,398.0,29.8,230,,,,,
9,8,1995,13:30, ,1387-170,RT,I,,360.0,28.4,213,,,,,
9,8,1995,14:20, ,1387-79171,RT,I,,355.0,29.0,214,,,,,
9,13,1995,14:30, ,1207-64623,RT,A,,375.0,31.5,224,,,,,
9,13,1995,14:45, ,2003-59463,SS,I,F,200.0,13.2,153,,,,,
9,14,1995,10:05, ,972-09622,SS,I,M,179.0,11.3,131,,,,,
9,15,1995,09:40, ,2003-58464,SS,I,M,175.0,12.7,145,,,,,
9,15,1995,09:50, ,2003-58465,SS,I,F,203.0,14.4,165,,,,,
9,15,1995,11:05, ,2003-58466,SS,I,F,205.0,12.5,168,,,,,
9,17,1995,11:20, ,1343-78401,SS,I,F,213.0,14.4,156,,,,,
9,17,1995,12:15, ,1387-79173,RT,I,,409.0,32.6,215,,,,,
9,17,1995,14:58, ,1343-78402,SS,I,F,202.0,,164,,,,,
9,18,1995,14:20, ,1343-78403,SS,I,F,195.0,14.6,155,,,,,
9,18,1995,15:10, ,1207-64624,RT,I,,415.0,31.8,239,,,,,
9,19,1995,10:05, ,1204-45806,CH,A,M,236.0,20.4,185,,,,,
9,20,1995,10:50, ,1387-79174,RT,I,,363.0,30.2,214,,,,,
9,23,1995,10:10, ,1387-79175,RT,I,,381.0,30.8,232,,,,,
9,26,1995,11:05, ,1387-79176,RT,A,,350.0,29.1,205,,,,,
9,26,1995,13:03, ,1387-79177,RT,I,,398.0,30.8,243,,,,,
9,26,1995,12:55, ,1207-64625,RT,I,,412.0,33.0,255,,,,,
9,26,1995,13:55, ,2003-58467,SS,I,F,203.0,13.9,159,,,,,
9,27,1995,09:40, ,2003-58468,SS,I,F,201.0,14.4,156,,,,,
9,27,1995,12:50, ,1387-79178,RT,I,,411.0,32.7,276,,,,,
9,27,1995,13:55, ,1807-53104,RT,I,,373.0,27.4,210,,,,,
10,1,1995,10:15, ,1423-16221,SS,I,M,178.0,12.1,145,,,,,
10,1,1995,12:04, ,1207-64626,RT,I,,415.0,31.2,231,,,,,
10,1,1995,12:50, ,1387-79179,RT,I,,383.0,29.8,216,,,,,
10,2,1995,13:55, ,1705-24606,CH,I,M,223.0,21.3,210,,,,,
10,3,1995,11:20, ,1387-79180,RT,I,,390.0,32.0,210,,,,,
10,3,1995,11:45, ,1387-79181,RT,I,,390.0,29.8,220,,,,,
10,4,1995,12:20, ,1387-79182,RT,A,,365.0,30.8,260,,,,,
10,4,1995,12:54, ,1387-79183,RT,A,,345.0,30.1,200,,,,,
10,5,1995,11:08, ,1705-24607,CH,I,F,273.0,24.7,213,,,,,
10,6,1995,12:15, ,1207-64627,RT,I,,400.0,32.1,230,,,,,
10,6,1995,12:36, ,1207-64628,RT,I,,380.0,31.1,220,,,,,
10,6,1995,13:05, ,1207-79184,RT,I,,330.0,30.2,220,,,,,
10,6,1995,13:10, ,1207-64629,RT,I,,410.0,28.6,235,,,,,
10,7,1995,12:00, ,1387-79185,RT,I,,313.0,28.9,215,,,,,
10,9,1995,11:35, ,1387-79186,RT,I,,384.0,30.4,215,,,,,
10,9,1995,11:50, ,1207-64660,RT,I,,409.0,31.8,221,,,,,
10,9,1995,12:50, ,1387-79187,RT,I,,390.0,28.6,225,,,,,
10,10,1995,11:50, ,1207-64630,RT,I,,411.0,31.9,238,,,,,
10,10,1995,14:25, ,1705-24608,CH,I,F,259.0,23.4,221,,,,,
10,11,1995,14:25, ,1387-79188,RT,A,,380.0,30.9,212,,,,,
10,11,1995,14:25, ,1387-79189,RT,I,,370.0,30.5,215,,,,,
10,11,1995,13:15, ,1387-79190,RT,I,,415.0,33.9,235,,,,,
10,12,1995,10:37, ,1204-45807,SS,I,F,215.0,12.7,132,,,,,
10,12,1995,13:20, ,1387-79191,RT,I,,410.0,32.7,229,,,,,
10,12,1995,14:20, ,1387-79192,RT,I,,412.0,31.1,251,,,,,
10,12,1995,14:30, ,1207-64631,RT,A,,384.0,28.4,215,,,,,
10,13,1995,12:05, ,1207-64632,RT,I,,404.0,30.4,225,,,,,
10,13,1995,13:00, ,1387-79193,RT,I,,375.0,28.8,210,,,,,
10,13,1995,15:00, ,1387-79794,RT,I,,410.0,32.4,267,,,,,
10,14,1995,10:05, ,1387-79195,RT,I,,384.0,29.8,220,,,,,
10,14,1995,13:25, ,1207-64634,RT,I,,385.0,32.2,238,,,,,
10,14,1995,13:40, ,1387-79196,RT,I,,398.0,32.4,248,,,,,
10,15,1995,14:20, , ,CH,A,,,32.1,198,,,,,
10,15,1995,14:30, ,1387-79197,RT,I,,425.0,33.0,241,,,,,
10,15,1995,15:00, ,1397-79198,RT,I,,401.0,28.0,212,,,,,
10,16,1995,12:35, ,1387-79172,RT,I,,387.0,50.2,221,,,,,
10,16,1995,13:33, ,1807-53105,RT,I,,376.0,30.8,233,,,,,
10,17,1995,11:10, ,1423-16223,SS,A,M,171.0,11.9,138,,,,,
10,17,1995,11:45, ,1207-64635,RT,A,,420.0,31.8,230,,,,,
10,18,1995,12:20, ,877-76379,RT,I,,385.0,30.8,223,,,,,
10,18,1995,13:05, ,2107-64631,RT,I,,405.0,32.6,226,,,,,
10,18,1995,13:15, ,1807-53107,RT,I,,350.0,25.7,208,,,,,
10,18,1995,12:00, ,1387-79200,RT,I,,388.0,31.2,231,,,,,
10,18,1995,12:02, ,877-76380,RT,I,,398.0,31.1,217,,,,,
10,20,1995,10:10, ,1207-64637,RT,A,,410.0,30.6,230,,,,,
10,23,1995,10:30, ,2003-58469,SS,I,F,202.0,14.1,153,,,,,
10,23,1995,12:20, ,1343-78405,SS,I,F,204.0,12.4,186,,,,,
11,2,1995,12:05, ,8777-63481,RT,A,,382.0,29.4,225,,,,,
11,2,1995,13:00, ,1207-64638,RT,I,,111.0,31.9,226,,,,,
11,20,1995,14:10, ,1207-64639,RT,I,,396.0,30.5,214,,,,,
11,21,1995,11:45, ,8777-6382,RT,I,,363.0,30.1,242,,,,,
10,2,1996,09:47, ,1807-53108,RT,I,,360.0,28.8,220,,,,,
10,10,1996,10:45, ,1207-64640,RT,I,,390.0,29.6,250,,,,,
10,10,1996,11:07, ,1204-45808,SS,I,M,195.0,14.6,178,,,,,
10,10,1996,12:15, ,1207-64641,RT,A,,390.0,32.5,220,,,,,
10,10,1996,13:20, ,1207-64642,RT,I,,380.0,29.0,240,,,,,
10,14,1996,09:40, ,1705-24609,CH,I,M,225.0,26.0,215,,,,,
10,17,1996,13:05, ,1705-24610,CH,A,M,247.0,18.2,160,,,,,
10,18,1996,10:58, ,1207-64643,RT,A,,415.0,33.2,230,,,,,
10,23,1996,09:25, ,1387-92101,RT,I,,354.0,29.3,220,,,,,
10,24,1996,10:35, ,1387-92102,RT,A,,417.0,32.8,234,,,,,
10,24,1996,11:18, ,1387-92103,RT,I,,379.0,31.3,226,,,,,
10,25,1996,10:40, ,1207-64644,RT,A,,412.0,32.2,218,,,,,
10,27,1996,16:16, ,1387-92104,RT,A,,377.0,29.1,209,,,,,
10,28,1996,12:40, ,1387-92105,RT,I,,372.0,30.0,228,,,,,
10,30,1996,09:25, , ,RT,I,,420.0,35.5,235,,,,,
10,30,1996,11:30, ,1387-92106,RT,I,,368.0,26.9,223,,,,,
11,1,1996,14:05, ,1207-64645,RT,I,,406.0,32.0,245,,,,,
11,7,1996,13:20, ,1705-24611,CH,I,M,225.0,20.0,202,,,,,
9,9,1997,12:01, ,1387-92125,RT,I,,392.0,33.0,235,244.0,89.3,0.0,1.0,0.0
9,9,1997,13:06,13:26,2003-58576,SS,I,F,191.0,13.8,158,162.0,57.0,2.0,2.0,0.0
9,10,1997,10:39,10:53,1423-16276,SS,I,M,161.0,11.7,133,137.0,48.4,1.0,2.0,0.25
9,10,1997,14:35,14:50,1387-92127,RT,I,,365.0,30.1,221,224.0,86.6,0.0,0.0,0.0
9,11,1997,10:05,10:32,1423-16277,SS,I,M,156.0,11.4,125,129.0,48.6,1.0,2.0,0.25
9,12,1997,11:00,10:20,2003-58577,SS,I,F,191.0,14.4,158,161.0,54.3,0.0,1.0,0.0
9,14,1997,10:46,11:00,2003-58578,SS,I,F,198.0,14.1,159,164.0,56.0,2.0,2.0,0.0
9,14,1997,12:35,12:50,872-09631,SS,I,M,160.0,11.0,132,135.0,48.3,2.0,1.0,0.0
9,17,1997,12:26,13:10,872-09633,SS,I,M,164.0,11.4,136,138.0,50.5,2.0,1.0,0.0
9,17,1997,13:04,13:45,1387-92128,RT,I,,352.0,30.3,216,225.0,90.2,0.0,0.0,0.0
9,17,1997,15:02,14:07,1705-24626,CH,I,F,265.0,24.1,225,229.0,73.3,0.0,0.0,0.0
9,18,1997,11:16,11:28,872-09634,SS,I,M,163.0,11.2,137,139.0,44.5,1.0,1.0,0.25
9,18,1997,14:33,14:45,1423-16228,SS,I,F,193.0,14.0,155,159.0,57.6,3.0,2.0,0.25
9,19,1997,13:05,13:36,1423-16229,SS,I,F,190.0,14.5,155,160.0,57.5,2.0,1.0,0.0
9,20,1997,10:30,10:42,972-04635,SS,I,M,165.0,11.4,138,142.0,50.2,0.0,1.0,0.0
9,21,1997,10:56,11:22,972-09636,SS,I,M,162.0,,130,,,2.0,1.0,0.25
9,21,1997,11:42,11:50,1426-16230,SS,A,F,198.0,14.5,154,160.0,55.0,0.0,1.0,0.0
9,21,1997,11:55,12:07,1387-92129,RT,I,,370.0,30.1,216,228.0,82.8,1.0,0.0,0.25
9,23,1997,13:35,11:55,1202-72601,RT,I,,230.0,30.5,200,225.0,85.5,0.0,0.0,0.25
9,23,1997,11:43,12:09,1705-24627,CH,I,M,194.0,20.0,158,206.0,67.5,2.0,1.0,0.0
9,23,1997,12:00,12:24,1423-16231,SS,I,F,157.0,14.7,132,160.0,55.0,1.0,1.0,0.0
9,23,1997,12:13,10:50,872-09638,SS,I,M,260.0,11.2,215,136.0,49.8,1.0,0.0,0.0
9,24,1997,10:19, ,1705-24628,CH,A,F,377.0,23.9,226,224.0,24.7,1.0,1.0,1.0
9,24,1997,11:20, ,1387-92130,RT,I,,364.0,29.6,216,225.0,85.1,0.0,0.0,0.0
9,25,1997,10:45, ,1387-92131,RT,I,,367.0,28.9,221,232.0,88.9,0.0,1.0,0.0
9,25,1997,11:00, ,1387-92132,RT,I,,233.0,31.9,196,225.0,87.4,0.0,0.0,0.5
9,25,1997,12:05, ,1204-45809,CH,I,M,336.0,18.8,221,205.0,67.2,0.0,0.0,0.0
9,26,1997,10:10, ,1423-16233,SS,I,F,259.0,15.2,218,171.0,57.0,0.0,0.0,0.0
9,26,1997,10:59, ,1705-24629,CH,I,F,199.0,24.2,157,221.0,74.4,1.0,1.0,0.5
9,26,1997,13:35,13:52,1423-16232,SS,I,F,165.0,14.6,135,162.0,56.5,2.0,1.0,0.0
9,26,1997,13:36,14:40,872-09639,SS,I,M,370.0,11.5,221,139.0,47.7,1.0,0.0,0.0
9,26,1997,14:26, ,1387-92133,RT,I,,362.0,32.6,210,230.0,87.1,0.0,1.0,0.0
9,30,1997,12:10, ,1207-72602,RT,A,,368.0,,220,,,,,
9,30,1997,12:50, ,1387-92134,RT,I,,368.0,30.2,220,228.0,85.4,1.0,1.0,0.0
10,1,1997,10:50,11:00,1387-92135,RT,I,,367.0,29.6,221,240.0,85.2,0.0,0.0,0.0
10,1,1997,11:58,12:27,1387-92136,RT,I,,400.0,32.1,242,261.0,86.9,0.0,0.0,0.0
10,1,1997,12:25,12:41,1387-92137,RT,I,,379.0,32.0,220,238.0,90.1,0.0,1.0,0.0
10,1,1997,12:32,12:59,1387-92138,RT,I,,360.0,30.4,210,232.0,84.8,0.0,1.0,0.0
10,1,1997,12:57,13:14,1387-92139,RT,I,,362.0,31.4,221,240.0,86.8,0.0,1.0,0.0
10,2,1997,11:52,12:05,1387-92140,RT,I,,378.0,33.4,236,244.0,91.3,0.0,1.0,0.0
10,2,1997,13:17,13:32,1423-16234,SS,I,F,201.0,14.5,162,167.0,58.1,1.0,1.0,0.0
10,6,1997,12:01,12:21,1423-16235,SS,I,M,193.0,11.5,150,152.0,52.4,0.0,0.0,0.0
10,6,1997,14:08,14:37,1387-92141,RT,I,,372.0,31.8,235,239.0,85.2,0.0,1.0,0.0
10,8,1997,10:00,10:25,1387-92142,RT,I,,369.0,32.0,231,240.0,84.9,0.0,0.0,0.0
10,8,1997,11:52,12:13,1387-92143,RT,I,,354.0,29.2,227,234.0,81.7,1.0,1.0,0.0
10,9,1997,09:57,11:07,1387-92144,RT,I,,367.0,34.2,238,249.0,91.7,0.0,0.0,0.0
10,9,1997,13:00,13:32,1387-92145,RT,I,,349.0,31.1,225,237.0,89.0,0.0,0.0,0.0
10,9,1997,13:27,13:57,1387-92146,RT,I,,375.0,33.7,249,250.0,94.0,1.0,1.0,0.25
10,9,1997,14:27,14:50,1387-92147,RT,I,,343.0,26.1,213,224.0,79.3,0.0,0.0,0.0
10,9,1997,14:58,15:15,1387-92148,RT,I,,360.0,34.0,240,252.0,91.2,1.0,1.0,0.0
10,10,1997,11:45,12:00,1387-92149,RT,I,,395.0,33.2,231,243.0,90.3,0.0,2.0,0.0
10,10,1997,11:55,12:08,1397-92150,RT,I,,400.0,32.1,227,239.0,84.4,0.0,2.0,0.0
10,10,1997,12:10,12:30,1423-16236,SS,A,F,170.0,14.4,155,165.0,54.6,3.0,2.0,0.0
10,13,1997,14:21,14:45,1705-24630,CH,I,F,268.0,24.9,227,232.0,75.3,1.0,1.0,0.0
10,14,1997,11:52,12:05,1387-92151,RT,I,,369.0,29.5,223,245.0,87.4,1.0,2.0,0.0
10,14,1997,14:15,14:30,1387-92152,RT,I,,365.0,30.0,228,239.0,86.2,0.0,0.0,0.0
10,16,1997,13:05,13:25,1387-92153,RT,A,,375.0,32.7,242,252.0,91.0,1.0,0.0,0.0
10,17,1997,10:00, ,1423-16238,SS,I,M,230.0,13.8,149,153.0,52.5,0.0,0.0,0.0
10,17,1997,14:35,15:00,12044-5876,CH,A,M,213.0,13.8,184,181.0,71.2,0.0,1.0,0.0
10,20,1997,11:21,11:35,1387-92154,RT,A,,382.0,34.7,247,259.0,92.5,0.0,1.0,1.0
10,20,1997,12:34,12:50,1423-16239,SS,I,M,168.0,14.0,158,167.0,55.9,2.0,2.0,0.0
10,20,1997,12:49,13:05,1387-92155,RT,A,,478.0,44.7,267,272.0,,2.0,2.0,0.5
10,20,1997,13:05,13:20,1387-92157,RT,I,,469.0,43.2,257,269.0,,1.0,0.0,0.0
10,21,1997,12:16,12:33,1423-16278,SS,I,M,172.0,10.9,148,148.0,53.4,1.0,0.0,0.0
10,21,1997,13:47,14:10,1387-92156,RT,I,,373.0,30.4,221,251.0,93.7,1.0,1.0,0.5
10,23,1997,12:10,12:36,1387-92158,RT,A,,386.0,30.5,214,227.0,92.5,,1.0,0.5
10,23,1997,14:36,15:03,1207-72603,RT,I,,384.0,35.0,229,236.0,91.9,,,
10,31,1997,11:00,11:47,1807-53127,RT,I,,351.0,29.7,213,216.0,,0.0,0.0,0.0
10,31,1997,11:50,12:14,872-09640,SS,I,M,168.0,11.9,138,136.0,50.0,2.0,1.0,0.0
11,1,1997,12:21,12:34,1807-53128,RT,I,,363.0,27.3,213,220.0,84.1,0.0,1.0,0.75
11,1,1997,14:22,14:34,1423-16240,SS,I,F,199.0,15.2,158,163.0,56.5,2.0,2.0,
11,3,1997,11:30,12:01,12044-5877,CH,I,M,235.0,20.3,193,196.0,69.2,1.0,1.0,0.0
11,3,1997,12:15, ,1387-92159,RT,A,,374.0,32.1,201,210.0,85.2,1.0,1.0,0.5
11,3,1997,12:52, ,1807-53129,RT,I,,369.0,26.8,216,224.0,60.1,0.0,0.0,0.0
11,6,1997,11:22,11:41,1343-78476,SS,I,F,202.0,14.9,165,166.0,56.8,3.0,2.0,0.0
11,7,1997,11:26,11:46,1423-16241,SS,I,F,202.0,14.1,160,164.0,55.3,2.0,2.0,0.0
11,10,1997,12:30,12:49,1387-92160,RT,I,,374.0,28.0,244,218.0,87.9,1.0,2.0,0.0
11,11,1997,11:10,11:35,1387-92161,RT,I,,389.0,30.8,230,240.0,81.7,2.0,1.0,0.0
11,15,1997,12:54,13:08,1387-92162,RT,I,,379.0,29.4,227,234.0,80.8,1.0,0.0,0.0
11,18,1997,11:25, ,872-09641,SS,I,M,170.0,11.1,139,141.0,54.0,0.0,1.0,0.0
9,20,1998,14:45, ,1387-92166,RT,I,,373.0,28.5,233,,,,,
9,21,1998,11:45, ,1207-72604,RT,I,,403.0,32.5,240,,,,,
10,1,1998,10:42, ,1207-72606,RT,I,,400.0,30.0,237,,,,,
10,8,1998,09:45, ,2003-58581,SS,A,F,205.0,14.1,144,,,,,
10,8,1998,10:45, ,1207-72607,RT,I,,405.0,31.3,210,,,,,
10,8,1998,14:10, ,1387-92173,RT,I,,382.0,27.9,225,,,,,
10,9,1998,11:15, ,1142-19209,SS,A,M,165.0,11.4,125,,,,,
10,9,1998,12:10, ,1387-92174,RT,I,,407.0,33.4,246,,,,,
10,9,1998,12:25, ,1387-92175,RT,I,,403.0,31.0,225,,,,,
10,10,1998,11:00, ,1207-72608,RT,I,,406.0,33.1,230,,,,,
10,10,1998,12:05, ,1387-92196,RT,I,,381.0,31.1,220,,,,,
10,12,1998,10:15, ,1387-92177,RT,I,,395.0,29.7,230,,,,,
10,12,1998,11:45, ,1207-72609,RT,I,,410.0,31.5,233,,,,,
10,12,1998,14:30, ,1204-45878,CH,A,F,243.0,19.2,196,,,,,
10,14,1998,13:30, ,1423-16242,SS,I,M,170.0,11.0,135,,,,,
10,15,1998,14:35, ,1343-78477,SS,A,F,210.0,15.0,170,,,,,
10,21,1998,10:40, ,1207-72610,RT,A,,425.0,33.0,232,,,,,
10,22,1998,14:01, ,1387-92178,RT,I,,402.0,29.8,234,,,,,
10,26,1998,10:17, ,1387-92180,RT,A,,480.0,35.4,239,,,,,
10,26,1998,12:15, ,1387-92181,RT,I,,412.0,31.5,230,,,,,
10,29,1998,10:25, ,1705-24634,CH,I,F,260.0,24.0,227,,,,,
11,2,1998,11:55, ,1207-72611,RT,A,,381.0,32.0,213,,,,,
11,3,1998,14:53, ,1207-72612,RT,A,,392.0,29.0,207,,,,,
11,4,1998,10:35, ,9387-92182,RT,I,,382.0,31.0,214,,,,,
11,4,1998,12:10, ,1343-78478,SS,A,F,196.0,14.0,146,,,,,
11,9,1998,01:31, ,1387-92183,RT,A,,391.0,32.8,217,,,,,
11,11,1998,11:48, ,1207-72613,RT,A,,397.0,31.4,216,,,,,
11,11,1998,12:52, ,1807-53130,RT,I,,361.0,27.9,214,,,,,
11,11,1998,14:15, ,1387-92184,RT,I,,376.0,29.5,216,,,,,
11,12,1998,14:00, ,1207-726114,RT,A,,410.0,31.8,222,,,,,
11,18,1998,11:30, ,1207-72615,RT,I,,381.0,31.3,288,,,,,
11,19,1998,13:07, ,1387-92185,RT,I,,396.0,25.2,238,,,,,
11,20,1998,10:30, ,1387-92186,RT,I,,383.0,29.9,199,,,,,
11,20,1998,11:52, ,1343-78479,SS,I,F,203.0,14.7,161,,,,,
9,5,1999,11:35, ,1387-92187,RT,I,,271.0,33.0,235,236.0,,,2.0,0.0
9,7,1999,11:00, ,1205-24636,CH,I,F,255.0,22.9,208,216.0,,,,
9,10,1999,11:05, ,1423-16243,SS,I,F,196.0,14.7,137,136.0,,,4.0,1.0
9,13,1999,10:15, ,872-09646,SS,I,M,168.0,11.0,143,139.0,,,2.0,0.0
9,14,1999,15:30, ,1387-92188,RT,I,,392.0,29.2,219,200.0,,,0.0,1.0
9,16,1999,12:08, ,1142-19210,SS,I,M,163.0,11.6,128,115.0,,,2.0,1.0
9,18,1999,11:10, ,2003-99306,SS,I,F,205.0,15.0,161,164.0,,,,
9,18,1999,12:08, ,1207-72616,RT,I,,395.0,33.0,236,240.0,,,2.0,1.0
9,18,1999,15:08, ,1142-19211,SS,I,M,163.0,11.3,131,137.0,,,3.0,3.0
9,18,1999,15:45, ,1387-92189,RT,I,,370.0,31.4,225,227.0,,,2.0,0.0
9,20,1999,10:17, ,1204-45867,CH,A,M,225.0,19.4,190,198.0,,,2.0,1.0
9,21,1999,12:12, ,1213-58901,SS,I,F,197.0,9.6,150,152.0,,,1.0,0.0
9,21,1999,13:00, ,1387-92190,RT,I,,376.0,30.3,223,219.0,,,1.0,0.0
9,22,1999,10:55, ,1387-92191,RT,I,,372.0,31.6,225,220.0,,,1.0,0.5
9,23,1999,11:11, ,1207-72617,RT,I,,391.0,32.4,241,241.0,,,1.0,1.0
9,24,1999,12:30, ,1142-19212,SS,I,,165.0,11.2,136,138.0,,,1.0,1.0
9,24,1999,14:24, ,1387-92192,RT,I,,364.0,29.0,210,222.0,,,1.0,1.0
9,25,1999,11:35, ,2003-99307,SS,A,F,202.0,15.0,160,158.0,,,3.0,0.0
9,25,1999,12:00, ,1142-19213,SS,I,M,163.0,10.9,135,131.0,,,2.0,1.0
9,25,1999,12:35, ,1387-92193,RT,I,M,381.0,32.3,223,216.0,,,,
9,25,1999,14:10, ,1387-92194,RT,I,,375.0,28.0,219,216.0,,,,
9,26,1999,12:55, ,1387-92195,RT,I,,392.0,33.6,229,225.0,,,,
9,29,1999,13:08, ,1207-72618,RT,A,,398.0,35.2,211,217.0,,,2.0,0.0
9,30,1999,09:20, ,1387-19197,RT,I,,371.0,31.0,204,206.0,,,1.0,0.0
9,30,1999,12:31, ,1387-19298,RT,A,,367.0,31.0,204,206.0,,,3.0,1.0
9,30,1999,13:10, ,2003-99308,SS,A,F,193.0,14.6,146,156.0,,,1.0,0.0
10,2,1999,10:25, ,1387-19299,RT,A,,375.0,29.3,214,202.0,,,,
10,4,1999,13:21, ,1387-19220,RT,I,,408.0,33.0,236,231.0,,,1.0,1.0
10,4,1999,15:10, ,22-06-35428,CH,A,F,252.0,28.8,185,211.0,,,1.0,1.0
10,5,1999,09:38, ,1204-45868,CH,A,M,237.0,19.9,195,191.0,,,3.0,
10,5,1999,10:43, ,1177-04601,RT,I,,399.0,29.9,247,236.0,,,0.0,3.0
10,6,1999,09:45, ,1705-24637,CH,A,F,268.0,19.9,215,206.0,,,2.0,0.5
10,7,1999,12:40, ,1207-72619,RT,I,,388.0,31.5,227,219.0,,,3.0,0.0
10,8,1999,13:39, ,2003-99309,SS,A,F,200.0,15.6,155,152.0,,,3.0,0.5
10,11,1999,11:13, ,2003-99310,SS,I,F,192.0,15.5,159,150.0,,,4.0,0.5
10,11,1999,13:11, ,1142-19214,SS,A,M,167.0,11.3,132,131.0,,,4.0,0.25
10,11,1999,15:00, ,1177-04699,RT,I,,370.0,31.9,225,220.0,,,2.0,0.0
10,11,1999,15:00, ,1142-19215,SS,A,M,162.0,11.8,130,131.0,,,3.0,1.0
10,12,1999,11:05, ,1177-04602,RT,I,,363.0,30.0,220,216.0,,,0.0,0.0
10,12,1999,11:20, ,1177-04603,RT,I,,371.0,10.3,215,214.0,,,2.0,1.0
10,13,1999,09:01, ,2003-99311,SS,A,F,199.0,15.7,161,155.0,,,4.0,1.0
10,14,1999,09:23, ,1177-04604,RT,I,,386.0,28.2,226,225.0,,,2.0,0.5
10,14,1999,09:52, ,1207-72620,RT,I,,400.0,33.9,227,233.0,,,3.0,0.25
10,14,1999,13:15, ,1177-04605,RT,I,,390.0,29.0,236,232.0,,,1.0,1.0
10,14,1999,13:49, ,2003-99312,SS,A,F,199.0,14.9,169,156.0,,,3.0,1.0
10,14,1999,14:45, ,1705-24639,CH,A,F,254.0,24.0,212,209.0,,,3.0,0.25
10,15,1999,10:08, ,1177-14606,RT,A,,382.0,30.8,210,203.0,,,1.0,0.0
10,15,1999,10:50, ,803-05929,SS,A,F,196.0,14.3,164,154.0,,,4.0,0.0
10,15,1999,11:29, ,1177-04607,RT,I,,354.0,28.5,226,222.0,,,2.0,0.0
10,15,1999,12:27, ,1177-04608,RT,I,,403.0,33.2,242,236.0,,,1.0,0.0
10,15,1999,13:35, ,2003-99313,SS,I,F,194.0,13.7,153,149.0,,,0.0,4.0
10,15,1999,14:08, ,1177-04609,RT,I,,375.0,30.0,221,214.0,,,2.0,1.0
10,15,1999,14:39, ,1807-53131,RT,I,,369.0,27.3,220,212.0,,,2.0,0.0
10,15,1999,15:33, ,1177-04610,RT,I,,368.0,30.3,219,216.0,,,2.0,0.0
10,16,1999,13:05, ,1177-04611,RT,A,,393.0,32.6,225,222.0,,,2.0,0.0
10,20,1999,11:28, ,1177-04612,RT,I,,370.0,31.5,221,212.0,,,2.0,0.25
10,20,1999,13:07, ,1177-04613,RT,I,,378.0,32.3,215,216.0,,,0.0,0.0
10,21,1999,11:50, ,1177-04614,RT,I,,369.0,31.1,223,228.0,,,2.0,0.0
10,21,1999,13:56, ,1807-53132,RT,I,,364.0,28.6,219,211.0,,,2.0,0.0
10,22,1999,09:40, ,1177-06415,RT,I,,387.0,31.4,235,226.0,,,2.0,0.0
10,23,1999,10:40, ,1207-72621,RT,A,,410.0,33.6,216,221.0,,,2.0,1.0
10,23,1999,11:39, ,2003-99314,SS,I,F,194.0,14.1,151,158.0,,,3.0,0.0
10,25,1999,14:00, ,1207-72622,RT,A,,410.0,39.8,130,251.0,,,3.0,0.0
10,27,1999,11:48, ,803-05930,SS,A,F,194.0,15.5,154,163.0,,,1.0,0.0
10,27,1999,12:55, ,1177-04616,RT,I,,373.0,28.3,223,226.0,,,2.0,0.0
11,1,1999,12:55, ,1207-72623,RT,I,,390.0,35.6,221,234.0,,,1.0,0.5
11,2,1999,10:00, ,1207-72624,RT,A,,404.0,32.5,220,245.0,,,1.0,0.0
11,2,1999,11:35, ,1177-04617,RT,I,,375.0,29.9,186,205.0,,,0.0,1.0
11,3,1999,10:27, ,1207-72625,RT,I,,395.0,31.3,217,223.0,,,2.0,0.0
11,3,1999,14:30, ,1177-04618,RT,I,,379.0,31.4,209,224.0,,,1.0,0.0
11,4,1999,12:15, ,1207-72626,RT,I,,382.0,29.9,215,217.0,,,2.0,0.0
11,4,1999,14:00, ,1207-72627,RT,I,,404.0,31.8,214,226.0,,,1.0,0.0
11,5,1999,10:48, ,2003-99315,SS,A,F,205.0,15.5,169,164.0,,,4.0,0.0
11,5,1999,14:10, ,1177-04619,RT,A,,377.0,29.0,207,214.0,,,0.0,0.5
11,6,1999,11:54, ,2003-99316,SS,I,M,184.0,14.9,153,157.0,,,3.0,0.0
11,8,1999,12:25, ,1177-04620,RT,I,,390.0,30.0,210,225.0,,,1.0,0.5
11,9,1999,10:25, ,1177-14621,RT,A,,404.0,31.55,224,226.0,,,3.0,0.0
11,10,1999,10:15, ,1177-04622,RT,I,,351.0,29.3,200,215.0,,,1.0,0.0
11,10,1999,12:45, ,1207-72628,RT,I,,394.0,31.7,207,227.0,,,2.0,0.0
11,10,1999,01:15, ,1142-19227,SS,A,M,175.0,11.4,137,146.0,,,1.0,0.0
11,12,1999,13:50, ,1807-53133,RT,A,,372.0,25.4,212,216.0,,,2.0,0.25
11,13,1999,10:30, ,1142-19228,SS,I,M,169.0,11.85,132,144.0,,,2.0,0.0
11,13,1999,11:30, ,1177-04623,RT,I,,376.0,31.55,226,234.0,,,2.0,0.75
11,13,1999,12:05, ,1177-04624,RT,I,,399.0,29.55,232,243.0,,,2.0,0.0
11,17,1999,13:11, ,1207-72629,RT,I,,399.0,33.85,228,232.0,,,3.0,1.0
11,19,1999,09:58, ,1177-04625,RT,I,,357.0,28.35,205,212.0,,,3.0,0.0
9,7,2000,10:30, ,2003-94317,SS,I,F,195.0,14.6,155,160.0,,,4.0,0.0
9,7,2000,13:25, ,1207-22630,RT,I,,400.0,33.1,228,238.0,,,1.0,0.5
9,9,2000,09:29, ,1207-72631,RT,I,,382.0,33.8,237,234.0,,,1.0,0.0
9,9,2000,09:38, ,1142-18229,SS,I,M,161.0,11.3,135,129.0,,,4.0,0.0
9,13,2000,09:35, ,1177-04626,RT,I,,390.0,30.1,230,220.0,,,2.0,0.0
9,13,2000,10:35, ,1177-04627,RT,I,,379.0,29.1,219,227.0,,,2.0,0.0
9,13,2000,11:35, ,1177-04628,RT,I,,376.0,30.5,223,234.0,,,2.0,5.0
9,13,2000,12:10, ,1177-04629,RT,A,,331.0,30.4,210,223.0,,,2.0,1.0
9,13,2000,14:02, ,1177-04630,RT,I,,371.0,30.2,222,226.0,,,1.0,0.0
9,14,2000,11:34, ,1213-58902,SS,I,M,160.0,11.8,124,129.0,,,3.0,0.5
9,15,2000,14:12, ,1177-04631,RT,I,,361.0,28.7,201,211.0,,,1.0,0.5
9,16,2000,12:23, ,1705-37411,CH,A,F,268.0,26.1,206,223.0,,,3.0,0.25
9,18,2000,12:05, ,1207-72632,RT,I,,394.0,34.5,234,234.0,,,1.0,0.0
9,18,2000,12:35, ,2003-99318,SS,A,F,191.0,15.3,149,154.0,,,4.0,0.5
9,18,2000,13:39, ,1207-77633,RT,A,,358.0,29.0,204,201.0,,,1.0,1.0
9,18,2000,14:33, ,1177-04632,RT,I,,380.0,29.0,204,217.0,,,3.0,1.0
9,21,2000,10:40, ,803-05931,SS,A,F,188.0,14.2,154,150.0,,,4.0,0.0
9,21,2000,11:35, ,1207-72634,RT,I,,397.0,34.0,224,219.0,,,2.0,0.5
9,21,2000,12:58, ,803-05932,SS,A,F,196.0,13.9,150,160.0,,,4.0,1.0
9,21,2000,13:32, ,803-05933,SS,A,F,190.0,14.6,147,149.0,,,4.0,0.25
9,22,2000,13:34, ,1142-19230,SS,I,M,161.0,11.1,130,136.0,,,3.0,0.5
9,25,2000,09:50, ,1705-37412,CH,A,F,145.0,20.5,180,196.0,,,1.0,0.25
9,25,2000,12:06, ,1207-72635,RT,I,,392.0,33.0,229,234.0,,,2.0,0.0
9,25,2000,12:20, ,803-05934,SS,I,F,190.0,14.6,153,160.0,,,2.0,0.5
9,25,2000,13:18, ,1204-45869,CH,I,M,230.0,21.3,187,206.0,,,2.0,1.0
9,25,2000,14:52, ,1207-72636,RT,A,,406.0,31.1,222,224.0,,,2.0,0.5
9,26,2000,10:35, ,1177-04633,RT,I,,363.0,30.3,214,219.0,,,2.0,0.0
9,26,2000,11:40, ,1142-19231,SS,I,M,162.0,11.4,132,137.0,,,2.0,0.0
9,26,2000,12:10, ,1177-04634,RT,I,,374.0,30.8,219,227.0,,,2.0,0.0
9,26,2000,12:40, ,1177-04635,RT,I,,412.0,33.2,230,240.0,,,1.0,0.25
9,26,2000,13:23, ,2206-35431,CH,I,F,272.0,24.0,219,240.0,,,2.0,0.0
9,26,2000,14:25, ,1177-04636,RT,I,,388.0,32.2,230,235.0,,,2.0,0.0
9,27,2000,11:30, ,1177-04637,RT,I,,371.0,29.7,217,221.0,,,2.0,0.0
9,27,2000,12:20, ,1204-45870,CH,I,M,225.0,18.7,179,187.0,,,2.0,0.5
9,27,2000,13:00, ,1207-72637,RT,I,,391.0,33.9,225,236.0,,,2.0,0.25
9,28,2000,14:30, ,1142-19232,SS,I,M,163.0,11.5,123,131.0,,,3.0,0.5
9,29,2000,10:25, ,1207-72638,RT,I,F,410.0,33.6,229,237.0,,,2.0,0.5
9,29,2000,11:47, ,1177-04638,RT,I,,368.0,28.7,215,205.0,,,2.0,0.0
9,29,2000,13:00, ,1177-04639,RT,I,F,410.0,29.4,247,255.0,,,2.0,0.0
9,29,2000,13:30, ,1207-74639,RT,A,F,425.0,33.3,222,227.0,,,2.0,0.0
9,30,2000,13:30, ,1177-04640,RT,I,,368.0,30.8,220,224.0,,,2.0,1.0
9,30,2000,15:01, ,1207-74640,RT,I,,392.0,34.1,234,237.0,,,1.0,0.0
10,1,2000,14:00, ,1705-37413,SS,I,M,250.0,25.3,192,195.0,,,1.0,0.0
10,1,2000,14:50, ,1207-72641,RT,I,,418.0,31.9,248,255.0,,,2.0,0.5
10,2,2000,13:20, ,1177-04641,RT,I,,370.0,29.7,221,223.0,,,3.0,0.0
10,3,2000,10:52, ,1142-19233,SS,A,M,170.0,12.2,132,136.0,,,2.0,0.5
10,3,2000,14:05, ,803-05935,SS,A,F,203.0,15.6,162,164.0,,,3.0,1.0
10,4,2000,10:40, ,1177-04642,RT,A,,370.0,30.5,218,223.0,,,2.0,0.0
10,4,2000,11:56, ,1207-72642,RT,A,,408.0,32.7,225,225.0,,,2.0,0.0
10,6,2000,12:59, ,1207-72643,RT,A,,393.0,35.3,215,221.0,,,3.0,0.0
10,7,2000,09:55, ,1177-04643,RT,I,,365.0,30.1,225,224.0,,,1.0,0.0
10,7,2000,10:27, ,1207-72644,RT,I,,405.0,31.9,244,249.0,,,1.0,0.0
10,7,2000,10:43, ,1207-72645,RT,I,,381.0,31.6,232,233.0,,,0.0,0.0
10,7,2000,12:24, ,1177-04644,RT,I,,390.0,31.1,238,239.0,,,2.0,0.0
10,7,2000,15:12, ,1207-72646,RT,I,,384.0,35.0,231,235.0,,,1.0,0.25
10,8,2000,12:25, ,1177-04645,RT,I,,390.0,29.9,218,221.0,,,1.0,0.25
10,8,2000,13:29, ,1177-04646,RT,I,,381.0,29.6,223,226.0,,,1.0,0.25
10,9,2000,10:10, ,803-05936,SS,A,F,194.0,14.0,152,152.0,,,4.0,1.0
10,9,2000,14:00, ,1807-82702,RT,I,,371.0,26.8,197,204.0,,,3.0,0.5
10,9,2000,14:26, ,1177-04647,RT,I,,356.0,28.9,195,204.0,,,2.0,0.0
10,9,2000,14:38, ,1177-04648,RT,I,,377.0,29.0,206,217.0,,,1.0,0.0
10,10,2000,13:57, ,1177-04649,RT,I,,362.0,29.7,213,215.0,,,2.0,0.5
10,11,2000,12:21, ,1142-19234,SS,A,M,165.0,11.8,127,132.0,,,4.0,1.0
10,12,2000,10:10, ,1142-19235,SS,A,M,155.0,11.8,122,130.0,,,4.0,0.5
10,12,2000,13:35, ,1207-72647,RT,I,,400.0,34.2,222,233.0,,,2.0,0.0
10,13,2000,09:33, ,1142-19236,SS,A,M,161.0,12.0,124,138.0,,,2.0,0.0
10,13,2000,09:58, ,1207-72648,RT,I,,387.0,32.4,227,227.0,,,2.0,0.0
10,13,2000,11:08, ,1207-72649,RT,I,,409.0,32.7,235,245.0,,,2.0,0.0
10,13,2000,12:35, ,2003-99320,SS,A,F,195.0,13.4,158,172.0,,,3.0,1.0
10,13,2000,14:45, ,2003-99321,SS,A,F,196.0,15.4,150,156.0,,,4.0,0.0
10,14,2000,11:35, ,1142-19237,SS,A,M,169.0,11.7,133,135.0,,,3.0,1.0
10,14,2000,12:07, ,1177-04650,RT,I,,385.0,30.5,228,235.0,,,2.0,0.0
10,14,2000,13:07, ,1807-82703,RT,I,,377.0,29.3,219,225.0,,,2.0,0.0
10,14,2000,13:12, ,1177-04651,RT,I,,400.0,33.3,231,237.0,,,2.0,0.0
10,15,2000,12:50, ,1142-19238,SS,I,M,164.0,10.7,127,132.0,,,3.0,0.0
10,16,2000,14:30, ,1142-19239,SS,A,M,165.0,11.4,127,130.0,,,3.0,0.0
10,17,2000,15:03, ,1177-04652,RT,I,,363.0,28.3,209,219.0,,,2.0,0.0
10,18,2000,12:14, ,2206-35432,CH,A,F,266.0,25.4,223,229.0,,,3.0,0.0
10,18,2000,14:28, ,1177-04653,RT,I,,403.0,33.3,237,241.0,,,2.0,0.0
10,19,2000,12:14, ,1177-04654,RT,I,,375.0,30.1,210,211.0,,,2.0,0.0
10,19,2000,13:38, ,1142-09240,SS,A,M,166.0,11.7,133,137.0,,,2.0,1.0
10,20,2000,09:48, ,1177-04655,RT,I,,373.0,27.9,215,221.0,,,2.0,0.0
10,20,2000,11:46, ,1177-04656,RT,I,,373.0,31.0,217,219.0,,,2.0,0.0
10,20,2000,12:38, ,1142-09241,SS,A,M,170.0,121.0,135,143.0,,,1.0,1.0
10,20,2000,14:12, ,1177-04657,RT,A,,373.0,29.6,207,210.0,,,2.0,0.0
10,20,2000,14:27, ,1807-82704,RT,I,,354.0,31.0,211,213.0,,,3.0,0.25
10,20,2000,14:45, ,1207-72650,RT,I,,394.0,30.7,225,232.0,,,2.0,0.0
10,21,2000,09:22, ,1142-09242,SS,I,M,165.0,11.6,131,139.0,,,3.0,0.0
10,21,2000,13:57, ,1705-24640,CH,A,F,261.0,25.1,203,203.0,,,2.0,0.0
10,21,2000,14:12, ,1177-04658,RT,I,,377.0,31.5,223,225.0,,,2.0,0.0
10,25,2000,12:51, ,1177-04659,RT,I,,364.0,30.3,218,223.0,,,2.0,1.0
10,25,2000,13:45, ,1177-04660,RT,I,,385.0,30.0,222,225.0,,,2.0,0.0
10,26,2000,09:21, ,1177-04661,RT,I,,390.0,34.7,235,237.0,,,2.0,0.0
10,26,2000,10:53, ,1177-04662,RT,A,,383.0,32.7,208,208.0,,,2.0,0.0
10,26,2000,12:53, ,1177-04663,RT,I,,365.0,30.3,216,223.0,,,2.0,0.0
10,27,2000,10:49, ,803-05937,SS,I,F,201.0,14.8,157,163.0,,,3.0,0.0
10,27,2000,13:15, ,1177-04664,RT,I,,376.0,31.7,217,220.0,,,2.0,0.0
10,27,2000,14:49, ,1207-72651,RT,A,,402.0,33.3,219,217.0,,,2.0,0.25
10,29,2000,09:45, ,1177-04665,RT,I,,394.0,32.7,235,230.0,,,1.0,0.25
10,29,2000,13:36, ,1204-45871,CH,I,M,223.0,20.7,185,208.0,,,2.0,1.0
10,30,2000,11:20, ,1177-04666,RT,A,,378.0,30.9,212,217.0,,,2.0,0.25
11,1,2000,12:08, ,1177-04667,RT,I,,369.0,28.2,211,225.0,,,2.0,0.0
11,1,2000,13:16, ,1177-04668,RT,A,,378.0,30.7,201,209.0,,,1.0,0.5
11,2,2000,09:55, ,1177-04669,RT,A,,262.0,31.2,200,207.0,,,2.0,0.0
11,2,2000,10:28, ,1142-19243,SS,I,M,165.0,12.1,137,150.0,,,4.0,1.0
11,2,2000,12:47, ,1177-04670,RT,A,,379.0,32.2,217,224.0,,,1.0,0.0
11,3,2000,09:42, ,1177-04671,RT,I,,380.0,33.3,223,225.0,,,1.0,0.0
11,4,2000,11:20, ,1177-04672,RT,A,,380.0,27.0,199,206.0,,,2.0,0.0
11,4,2000,13:10, ,1177-04673,RT,I,,393.0,32.4,217,225.0,,,1.0,0.0
11,4,2000,13:24, ,1207-72652,RT,A,,389.0,32.1,207,210.0,,,2.0,0.0
11,8,2000,10:31, ,1207-72653,RT,I,,395.0,28.5,222,223.0,,,3.0,0.0
11,12,2000,13:50, ,2003-99233,SS,I,F,207.0,14.3,163,172.0,,,2.0,1.0
11,14,2000,11:40, ,1807-82705,RT,I,,367.0,24.1,217,220.0,,,3.0,0.0
11,14,2000,11:57, ,1177-04674,RT,A,,368.0,27.0,200,204.0,,,0.0,0.5
11,18,2000,10:47, ,1177-04675,RT,I,,377.0,29.5,220,226.0,,,2.0,0.0
11,20,2000,11:15, ,1177-04676,RT,I,,374.0,29.8,216,224.0,,,2.0,1.0
11,21,2000,12:03, ,1177-04677,RT,A,,385.0,30.9,216,227.0,,,3.0,0.0
9,3,2001,13:30, ,1177-04698,RT,I,,363.0,31.6,222,226.0,,,2.0,0.0
9,9,2001,11:51, ,1142-19244,SS,I,M,164.0,130.0,136,136.0,,,4.0,0.0
9,10,2001,09:39, ,2003-99323,SS,A,F,199.0,15.0,142,149.0,,,4.0,0.0
9,10,2001,14:05, ,1177-04678,RT,I,,378.0,30.0,213,222.0,,,2.0,0.0
9,12,2001,11:03, ,803-05938,SS,I,F,200.0,14.2,154,158.0,,,4.0,0.25
9,12,2001,11:35, ,1207-72654,RT,I,,405.0,39.8,226,230.0,,,2.0,0.0
9,13,2001,10:20, ,2003-99324,SS,I,F,194.0,14.6,156,161.0,,,3.0,0.0
9,13,2001,11:00, ,2003-99325,SS,I,F,190.0,15.2,160,159.0,,,1.0,0.5
9,13,2001,13:03, ,2003-99326,SS,I,F,195.0,14.8,149,161.0,,,2.0,1.0
9,14,2001,10:35, ,1213-58903,SS,I,M,161.0,11.2,131,135.0,,,3.0,1.0
9,14,2001,13:05, ,1213-58904,SS,I,M,168.0,11.4,137,139.0,,,3.0,0.25
9,14,2001,13:55, ,1213-58905,SS,I,M,160.0,10.8,126,132.0,,,2.0,1.0
9,16,2001,14:00, ,1177-04679,RT,I,,392.0,34.6,210,219.0,,,1.0,0.0
9,19,2001,10:11, ,2003-99327,SS,I,F,201.0,14.8,165,168.0,,,4.0,0.0
9,19,2001,11:55, ,1207-72655,RT,I,,395.0,32.7,235,240.0,,,1.0,0.0
9,20,2001,12:50, ,1207-72656,RT,I,,390.0,33.0,222,228.0,,,1.0,0.5
9,22,2001,09:45, ,1142-19245,SS,I,M,161.0,11.9,129,132.0,,,3.0,0.0
9,22,2001,10:45, ,1705-24641,CH,A,M,230.0,23.55,192,204.0,,,3.0,0.25
9,22,2001,14:57, ,2003-99328,SS,I,F,192.0,9.5,156,161.0,,,4.0,0.5
9,24,2001,12:50, ,1213-58906,SS,I,M,156.0,11.3,135,138.0,,,1.0,0.0
9,24,2001,14:20, ,1213-58907,SS,I,M,158.0,11.1,129,136.0,,,2.0,1.0
9,26,2001,10:15, ,1142-19246,SS,I,M,167.0,11.4,131,135.0,,,3.0,1.0
9,26,2001,12:20, ,804-00201,SS,I,F,199.0,14.5,160,165.0,,,4.0,0.0
9,27,2001,13:40, ,1705-24642,CH,I,F,320.0,21.0,195,199.0,,,2.0,0.0
9,30,2001,12:33, ,1207-72657,RT,A,,389.0,33.1,223,226.0,,,2.0,0.0
10,2,2001,11:00, ,804-00202,CH,I,M,227.0,21.0,192,204.0,,,1.0,0.25
10,2,2001,13:15, ,804-00203,CH,A,M,230.0,20.2,198,202.0,,,2.0,0.0
10,3,2001,10:29, ,2003-99329,SS,A,F,199.0,15.5,152,159.0,,,4.0,0.0
10,5,2001,14:29, ,1177-04680,RT,I,,378.0,30.7,223,231.0,,,1.0,0.5
10,9,2001,13:25, ,1142-19247,SS,I,M,164.0,11.2,132,137.0,,,2.0,1.0
10,9,2001,14:58, ,1207-72658,RT,A,,385.0,30.8,216,226.0,,,2.0,0.5
10,14,2001,09:36, ,1177-04681,RT,I,,369.0,30.4,207,212.0,,,2.5,0.0
10,14,2001,10:27, ,1177-04682,RT,I,,378.0,31.9,218,223.0,,,2.0,0.0
10,14,2001,11:52, ,1177-04683,RT,I,,373.0,29.6,215,335.0,,,2.5,0.0
10,14,2001,12:20, ,1177-04684,RT,A,,419.0,31.5,224,229.0,,,2.5,0.0
10,14,2001,14:12, ,1177-04685,RT,I,,414.0,29.2,242,232.0,,,2.0,0.0
10,15,2001,13:20, ,2003-99330,SS,A,F,203.0,14.2,157,170.0,,,2.5,0.0
10,17,2001,09:50, ,1142-19248,SS,A,M,162.0,11.0,119,121.0,,,3.0,0.25
10,17,2001,10:36, ,1142-19249,SS,I,M,165.0,11.0,130,138.0,,,3.0,0.0
10,17,2001,10:58, ,1142-19250,SS,A,M,161.0,11.0,124,134.0,,,4.0,0.5
10,17,2001,11:35, ,1142-19251,SS,I,M,161.0,11.8,130,137.0,,,2.0,0.75
10,17,2001,12:59, ,1177-04686,RT,I,,404.0,32.8,237,240.0,,,1.0,0.0
10,17,2001,13:48, ,1142-19252,SS,I,M,165.0,11.2,140,139.0,,,3.0,0.25
10,17,2001,14:03, ,2003-99331,SS,A,F,199.0,14.5,159,160.0,,,3.0,0.0
10,18,2001,09:24, ,1142-19253,SS,I,M,171.0,11.7,138,145.0,,,3.0,0.0
10,18,2001,09:58, ,2003-99332,SS,A,F,213.0,15.2,159,269.0,,,4.0,0.0
10,18,2001,10:11, ,1142-19254,SS,A,M,169.0,11.8,136,142.0,,,3.0,1.0
10,18,2001,10:35, ,1207-72659,RT,I,,379.0,32.7,221,221.0,,,3.0,0.0
10,18,2001,12:00, ,1207-72660 ,RT,I,,407.0,35.8,243,246.0,,,2.0,0.0
10,18,2001,12:42, ,1177-04689,RT,I,,376.0,32.2,222,220.0,,,3.0,0.0
10,18,2001,13:56, ,1177-04688,RT,I,,380.0,30.8,208,212.0,,,2.0,0.5
10,18,2001,14:29, ,1142-19255,SS,A,M,172.0,11.8,132,141.0,,,2.0,1.0
10,18,2001,15:30, ,1207-72661,RT,I,,408.0,32.7,245,243.0,,,1.0,0.75
10,19,2001,11:53, ,1142-19256,SS,A,M,167.0,10.8,131,138.0,,,2.0,0.0
10,19,2001,12:42, ,1177-04690,RT,A,,374.0,31.3,206,214.0,,,3.0,0.0
10,21,2001,12:48, ,1177-04691,RT,I,,376.0,32.2,220,224.0,,,2.0,0.0
10,23,2001,10:55, ,1705-24643,CH,I,F,258.0,24.2,214,214.0,,,2.0,0.0
10,23,2001,12:24, ,1807-66307,RT,I,,370.0,27.4,217,220.0,,,2.0,0.0
10,23,2001,12:55, ,2003-99333,SS,A,F,202.0,14.9,162,171.0,,,3.5,0.0
10,25,2001,10:29, ,1807-66308,RT,I,,363.0,27.3,210,211.0,,,3.0,0.0
10,25,2001,11:04, ,2003-99334,SS,A,F,200.0,13.5,163,173.0,,,3.0,0.0
10,25,2001,11:50, ,1177-04692,RT,I,,372.0,30.2,196,204.0,,,3.0,0.0
10,25,2001,12:55, ,1807-66309,RT,A,,378.0,30.0,206,214.0,,,3.0,0.0
10,26,2001,12:20, ,1750-24644,CH,A,F,254.0,23.8,218,221.0,,,3.0,0.0
10,26,2001,13:00, ,1177-04694,RT,I,,361.0,30.7,218,219.0,,,2.0,0.0
10,28,2001,10:46, ,1177-04695,RT,A,,389.0,30.6,210,217.0,,,3.0,0.25
10,28,2001,11:37, ,1207-72662,RT,A,,404.0,32.8,224,229.0,,,4.0,0.0
10,31,2001,13:30, ,2003-99335,SS,I,F,195.0,14.7,154,162.0,,,2.0,1.0
11,1,2001,11:45, ,2003-99336,SS,I,F,203.0,15.5,161,166.0,,,3.0,0.0
11,1,2001,13:45, ,1705-24645,CH,A,F,253.0,22.6,209,214.0,,,3.0,0.0
11,2,2001,09:41, ,2003-99337,SS,I,F,199.0,14.9,157,162.0,,,4.0,0.0
11,3,2001,13:58, ,2003-99338,SS,I,F,194.0,14.4,158,160.0,,,4.0,0.25
11,3,2001,14:23, ,2003-99339,SS,A,F,196.0,14.0,156,159.0,,,3.0,1.0
11,5,2001,14:40, ,1142-19257,SS,I,M,168.0,12.1,133,142.0,,,3.0,0.0
11,6,2001,13:05, ,1177-04696,RT,A,,395.0,30.5,218,225.0,,,3.0,0.25
11,7,2001,11:15, ,1177-04697,RT,I,,368.0,31.7,213,222.0,,,3.0,0.0
11,7,2001,13:15, ,803-05939,SS,I,F,210.0,15.3,165,174.0,,,4.0,0.0
11,9,2001,09:40, ,1177-04700,RT,I,,401.0,29.1,235,241.0,,,2.0,0.0
11,9,2001,10:40, ,1807-53134,RT,I,,355.0,25.0,206,212.0,,,2.0,0.75
11,10,2001,10:27, ,1177-04701,RT,A,,377.0,31.7,206,210.0,,,3.0,0.0
11,11,2001,09:44, ,2003-99340,SS,I,F,197.0,14.7,153,162.0,,,4.0,0.0
11,14,2001,10:04, ,1142-19258,SS,I,M,171.0,11.5,135,142.0,,,3.0,0.0
11,19,2001,09:48, ,1177-04702,RT,A,,277.0,32.1,207,217.0,,,4.0,0.0
11,19,2001,14:05, ,1207-72663,RT,A,,435.0,34.5,230,233.0,,,3.0,0.25
9,4,2002,10:00, ,1177-04703,RT,I,,372.0,31.0,224,227.0,,,3.0,0.0
9,5,2002,12:45, ,1705-24648,CH,A,F,260.0,24.2,216,215.0,,,2.0,0.0
9,8,2002,12:20, ,1177-04704,RT,I,,390.0,29.3,218,215.0,,,2.0,0.25
9,8,2002,12:44, ,1177-04705,RT,I,,359.0,31.1,215,220.0,,,2.0,0.0
9,10,2002,12:39, ,1177-04706,RT,I,,393.0,33.4,226,224.0,,,2.0,0.0
9,12,2002,10:13, ,1207-72664,RT,I,,402.0,34.6,242,243.0,,,3.0,0.25
9,12,2002,11:51, ,1177-04707,RT,I,,362.0,30.7,212,219.0,,,2.0,0.0
9,13,2002,12:55, ,1705-14646,CH,I,M,227.0,18.5,193,205.0,,,3.0,0.25
9,16,2002,13:14, ,1807-53135,RT,A,,359.0,30.1,201,219.0,,,2.0,0.25
9,17,2002,11:20, ,1142-19259,SS,I,M,155.0,12.0,129,133.0,,,3.0,0.0
9,18,2002,12:08, ,1705-24647,CH,I,F,261.0,26.8,216,220.0,,,2.0,0.0
9,19,2002,09:30, ,1142-19260,SS,I,M,160.0,11.5,132,132.0,,,3.0,0.0
9,19,2002,12:01, ,1142-19261,SS,I,M,166.0,11.4,131,139.0,,,2.0,1.0
9,21,2002,13:38, ,1207-72665,RT,I,,362.0,34.3,234,235.0,,,2.0,1.0
9,22,2002,10:50, ,1177-04708,RT,I,,375.0,31.8,220,226.0,,,2.0,0.0
9,22,2002,11:57, ,1177-04709,RT,I,,388.0,34.3,225,226.0,,,3.0,0.0
9,22,2002,13:47, ,1177-04710,RT,I,,392.0,30.5,214,215.0,,,2.0,0.0
9,22,2002,14:29, ,1207-72666,RT,I,,412.0,34.1,230,237.0,,,2.0,0.0
9,23,2002,13:15, ,1177-04711,RT,I,,371.0,32.8,220,220.0,,,2.0,0.0
9,23,2002,14:23, ,1705-24649,CH,A,F,255.0,42.8,200,213.0,,,3.0,0.75
9,24,2002,12:50, ,1807-53136,RT,I,,391.0,27.6,209,210.0,,,3.0,0.0
9,24,2002,13:26, ,2003-99341,SS,I,F,190.0,14.2,156,161.0,,,4.0,0.5
9,25,2002,12:36, ,1177-04712,RT,I,,385.0,32.0,225,228.0,,,3.0,0.0
9,25,2002,14:05, ,1142-19262,SS,I,M,166.0,11.9,139,141.0,,,3.0,1.0
9,26,2002,10:49, ,2003-99342,SS,A,F,197.0,14.9,159,159.0,,,4.0,0.0
9,29,2002,10:10, ,1177-04713,RT,I,,370.0,32.0,226,230.0,,,2.0,0.0
9,29,2002,10:50, ,2003-99345,SS,I,F,190.0,15.0,154,160.0,,,4.0,1.0
9,29,2002,12:52, ,1207-72667,RT,I,,400.0,34.0,230,238.0,,,2.0,1.0
9,29,2002,13:06, ,1142-19263,SS,I,M,162.0,11.1,131,137.0,,,3.0,1.0
9,30,2002,11:26, ,2003-00344,SS,I,F,194.0,14.5,156,160.0,,,4.0,0.0
9,30,2002,11:45, ,1207-72668,RT,I,,395.0,34.4,233,230.0,,,2.0,0.0
9,30,2002,12:46, ,1207-72669,RT,I,,403.0,32.3,235,236.0,,,3.0,0.25
10,3,2002,09:58, ,1177-04714,RT,I,,386.0,30.4,226,239.0,,,3.0,0.0
10,4,2002,09:53, ,803-05940,SS,A,F,193.0,14.9,145,146.0,,,4.0,0.0
10,4,2002,15:15, ,2003-99346,SS,A,F,203.0,14.7,156,166.0,,,2.0,0.0
10,5,2002,08:34, ,1142-19264,SS,A,M,159.0,11.5,130,134.0,,,3.0,0.0
10,5,2002,09:59, ,1142-19265,SS,I,M,163.0,11.7,130,129.0,,,3.0,0.25
10,5,2002,10:34, ,2003-99348,SS,A,M,191.0,14.8,147,155.0,,,3.0,1.0
10,5,2002,13:08, ,1142-19266,SS,I,M,166.0,12.0,141,142.0,,,3.0,0.0
10,5,2002,13:30, ,1177-04715,RT,I,,361.0,30.5,231,233.0,,,2.0,0.0
10,5,2002,14:27, ,1705-37416,CH,A,F,260.0,54.5,205,212.0,,,2.0,0.0
10,6,2002,09:48, ,804-00205,CH,A,M,234.0,21.9,192,195.0,,,3.0,0.0
10,6,2002,10:43, ,1177-04716,RT,I,,377.0,30.9,225,231.0,,,2.0,0.0
10,6,2002,12:03, ,1807-53137,RT,I,,361.0,27.5,205,210.0,,,3.0,0.0
10,6,2002,12:34, ,1177-04717,RT,I,,375.0,32.5,226,234.0,,,2.0,0.0
10,6,2002,14:56, ,2003-99349,SS,I,F,193.0,14.3,156,163.0,,,4.0,0.0
10,7,2002,09:40, ,803-05941,SS,I,F,196.0,15.6,153,159.0,,,4.0,0.0
10,7,2002,13:25, ,1142-19267,SS,I,M,159.0,11.0,131,137.0,,,4.0,0.25
10,7,2002,13:25, ,1213-58908,SS,I,F,192.0,14.2,155,162.0,,,3.0,1.0
10,7,2002,13:29, ,1207-72670,RT,I,,401.0,35.3,230,235.0,,,2.5,0.0
10,8,2002,14:40, ,2003-99350,SS,I,F,198.0,15.2,165,169.0,,,3.0,0.25
10,10,2002,11:36, ,1177-04718,RT,I,,407.0,33.7,238,245.0,,,2.0,0.0
10,10,2002,12:46, ,1142-19268,SS,I,M,162.0,12.5,132,138.0,,,2.5,1.0
10,11,2002,11:23, ,2206-35435,CH,A,F,169.0,23.6,233,230.0,,,2.5,1.0
10,11,2002,14:50, ,1142-19269,SS,I,M,168.0,10.7,135,140.0,,,1.0,0.25
10,13,2002,09:38, ,1142-19270,SS,A,M,168.0,11.6,134,136.0,,,3.0,0.0
10,13,2002,10:00, ,804-00206,CH,A,M,223.0,20.6,181,187.0,,,2.5,1.0
10,13,2002,10:42, ,1177-04719,RT,I,,375.0,31.3,217,226.0,,,2.0,0.0
10,13,2002,11:33, ,1177-04720,RT,A,,406.0,33.3,227,226.0,,,2.0,0.0
10,14,2002,09:50, ,1177-04721,RT,I,,386.0,31.6,230,231.0,,,2.0,0.0
10,14,2002,10:14, ,1142-19271,SS,A,M,160.0,11.4,136,140.0,,,4.0,0.0
10,14,2002,12:59, ,1177-04722,RT,I,,378.0,29.9,217,226.0,,,3.0,0.0
10,14,2002,14:16, ,803-05942,SS,A,F,193.0,14.8,154,158.0,,,3.0,0.33
10,17,2002,09:46, ,1177-04723,RT,I,,379.0,29.3,216,230.0,,,2.0,0.0
10,18,2002,10:00, ,1177-04724,RT,I,,364.0,29.5,215,219.0,,,2.0,0.5
10,18,2002,12:50, ,1177-04725,RT,A,,350.0,30.3,199,204.0,,,2.0,0.33
10,18,2002,13:10, ,1207-7267,RT,I,,380.0,31.6,210,216.0,,,3.0,0.0
10,19,2002,10:34, ,1207-72672,RT,A,,395.0,33.4,217,222.0,,,3.0,0.0
10,19,2002,11:22, ,1177-04726,RT,I,,372.0,32.2,212,225.0,,,3.5,0.4
10,19,2002,13:22, ,1177-04727,RT,I,,376.0,30.2,223,228.0,,,2.0,0.0
10,20,2002,13:24, ,1177-04728,RT,I,,367.0,30.5,215,221.0,,,2.0,0.25
10,21,2002,11:05, ,1204-5874,CH,I,M,230.0,19.5,196,198.0,,,3.0,0.0
10,21,2002,13:55, ,1807-53138,RT,I,,366.0,27.1,218,222.0,,,3.0,0.33
10,23,2002,12:56, ,1177-04729,RT,I,,386.0,31.0,221,229.0,,,2.0,0.25
10,26,2002,12:45, ,1177-04730,RT,I,,375.0,31.3,215,217.0,,,3.0,0.0
10,30,2002,10:30, ,2003-99351,SS,I,F,199.0,15.2,163,173.0,,,4.0,0.0
10,30,2002,12:40, ,1177-04731,RT,A,,405.0,31.8,218,225.0,,,3.0,0.0
10,31,2002,10:18, ,1177-04732,RT,A,,371.0,28.4,204,208.0,,,2.0,0.0
10,31,2002,12:00, ,2003-99352,SS,I,F,193.0,15.2,151,156.0,,,3.0,0.0
10,31,2002,12:15, ,1177-04733,RT,I,,350.0,29.9,218,224.0,,,2.0,0.0
10,31,2002,13:20, ,2003-99353,SS,I,F,193.0,13.5,155,161.0,,,4.0,0.0
11,1,2002,10:50, ,1177-04734,RT,A,,368.0,30.4,216,220.0,,,2.0,0.0
11,2,2002,10:34, ,2003-99354,SS,I,M,185.0,14.7,156,160.0,,,4.0,0.0
11,2,2002,10:48, ,1177-04735,RT,I,,372.0,29.8,220,220.0,,,2.0,0.0
11,2,2002,11:00, ,1177-04736,RT,I,,396.0,30.0,230,235.0,,,3.0,0.0
11,2,2002,11:18, ,1177-04737,RT,I,,365.0,29.3,213,220.0,,,3.5,0.0
11,3,2002,11:36, ,1177-04738,RT,I,,374.0,30.3,220,225.0,,,2.0,0.0
11,4,2002,09:33, ,1705-24644,CH,I,F,253.0,23.5,213,216.0,,,3.0,0.0
11,6,2002,12:06, ,1177-04739,RT,I,,372.0,29.0,215,215.0,,,1.5,0.0
11,6,2002,14:06, ,1177-04740,RT,I,,376.0,30.7,214,218.0,,,2.0,0.0
11,7,2002,10:20, ,1142-19272,SS,I,M,166.0,11.6,136,140.0,,,2.5,1.0
11,7,2002,11:58, ,1177-04741,RT,I,,369.0,28.4,215,220.0,,,2.0,0.0
11,7,2002,12:28, ,1207-72673,RT,A,,391.0,30.1,217,220.0,,,2.0,0.0
11,7,2002,12:59, ,2003-99355,SS,I,F,193.0,14.9,158,166.0,,,4.0,0.0
11,8,2002,11:45, ,1177-0472,RT,A,,397.0,28.8,219,215.0,,,2.0,0.0
11,8,2002,14:29, ,1177-0473,RT,I,,366.0,21.0,215,219.0,,,2.0,0.75
11,10,2002,11:35, ,1207-72674,RT,A,,385.0,33.3,211,220.0,,,3.0,0.0
11,10,2002,12:35, ,1177-0744,RT,I,,400.0,32.6,234,235.0,,,2.0,0.0
11,11,2002,11:48, ,2003-99356,SS,I,F,198.0,15.1,161,170.0,,,4.0,0.0
9,5,2003,10:38, ,1177-0745,RT,A,,365.0,31.6,208,215.0,,,3.0,0.0
9,14,2003,10:18, ,2003-99357,SS,I,F,194.0,14.0,153,159.0,,,4.0,1.0
9,16,2003,10:15, ,803-05943,SS,I,F,195.0,15.6,152,159.0,,,3.0,0.25
9,16,2003,10:57, ,2003-99358,SS,I,F,200.0,14.5,163,168.0,,,3.0,0.0
9,16,2003,12:55, ,1207-72675,RT,I,,384.0,32.5,226,226.0,,,2.5,0.0
9,17,2003,09:40, ,1142-19273,SS,I,M,159.0,11.1,125,126.0,,,3.0,1.0
9,18,2003,10:17, ,1142-19274,SS,I,M,161.0,11.5,134,138.0,,,2.0,0.25
9,18,2003,10:17, ,2003-99359,SS,I,F,191.0,14.8,162,168.0,,,3.0,1.0
9,18,2003,11:55, ,1204-45879,CH,I,M,216.0,20.4,185,191.0,,,2.0,0.0
9,18,2003,13:50, ,1705-37417,CH,I,F,256.0,23.3,212,217.0,,,2.5,0.125
9,19,2003,10:59, ,1142-19275,SS,I,M,161.0,11.3,123,132.0,,,3.0,0.0
9,20,2003,12:04, ,1207-99560,RT,A,,396.0,23.8,228,225.0,,,2.0,0.0
9,20,2003,13:35, ,1177-04746,RT,I,,391.0,33.1,221,226.0,,,2.0,0.0
9,20,2003,14:12, ,1142-19276,SS,I,M,160.0,11.4,131,135.0,,,2.5,0.0
9,21,2003,09:52, ,2003-99360,SS,I,M,183.0,14.6,143,146.0,,,4.0,0.0
9,22,2003,14:21, ,1142-19277,SS,I,M,156.0,11.0,129,313.0,,,3.0,0.0
9,23,2003,10:44, ,1207-72676,RT,I,,393.0,30.9,223,230.0,,,2.0,0.0
9,23,2003,11:16, ,1207-72677,RT,I,,397.0,32.9,232,231.0,,,3.0,0.0
9,23,2003,13:13, ,1142-19278,SS,I,M,159.0,10.4,125,130.0,,,3.0,0.25
9,23,2003,14:00, ,1705-37418,CH,I,F,255.0,22.8,214,220.0,,,2.0,0.0
9,24,2003,09:35, ,2003-99362,SS,I,M,197.0,14.9,150,162.0,,,3.0,0.0
9,24,2003,09:53, ,1204-45880,CH,I,M,218.0,19.4,183,187.0,,,2.5,0.0
9,25,2003,09:49, ,2003-99363,SS,I,F,196.0,14.5,158,166.0,,,4.0,0.0
9,25,2003,13:08, ,1177-04747,RT,I,,384.0,31.1,230,235.0,,,2.0,0.5
9,25,2003,13:30, ,1177-04748,RT,I,,385.0,29.6,225,229.0,,,3.0,0.0
9,26,2003,10:19, ,2003-99364,SS,I,M,181.0,14.3,141,150.0,,,3.0,0.0
9,26,2003,11:27, ,1204-45881,CH,I,M,225.0,20.1,183,192.0,,,2.0,0.0
9,17,2003,09:18, ,1177-04749,RT,I,,379.0,31.3,224,231.0,,,2.5,0.0
9,27,2003,10:10, ,2003-99365,SS,I,F,201.0,14.9,162,168.0,,,4.0,0.0
9,28,2003,09:36, ,1142-19279,SS,I,M,161.0,11.5,131,138.0,,,1.0,0.0
9,28,2003,10:11, ,1705-37419,CH,A,M,230.0,19.4,188,196.0,,,1.0,0.0
9,28,2003,12:12, ,1142-19280,SS,I,M,159.0,11.2,132,134.0,,,1.0,0.0
9,29,2003,11:20, ,1177-04750,RT,I,,367.0,30.5,215,215.0,,,3.0,0.0
9,29,2003,12:02, ,1207-72678,RT,I,,396.0,32.8,237,245.0,,,3.0,0.0
9,29,2003,12:58, ,1142-19281,SS,I,M,157.0,11.5,133,137.0,,,3.0,1.0
9,29,2003,13:51, ,2003-99366,SS,I,F,191.0,14.9,156,159.0,,,4.0,0.0
9,29,2003,14:47, ,2003-99367,SS,I,F,191.0,15.1,163,163.0,,,4.0,0.0
9,29,2003,15:15, ,1142-19282,SS,I,M,168.0,11.9,134,137.0,,,3.0,0.0
9,29,2003,15:55, ,1207-72679,RT,I,,428.0,33.9,253,256.0,,,2.0,0.0
9,30,2003,12:05, ,1705-37420,CH,A,F,252.0,28.4,211,213.0,,,3.0,0.0
9,30,2003,12:53, ,2003-99368,SS,A,F,192.0,14.2,160,167.0,,,3.0,1.0
9,30,2003,13:22, ,2003-99369,SS,A,F,195.0,14.0,158,163.0,,,4.0,1.0
10,1,2003,10:07, ,1204-45882,CH,A,M,233.0,21.3,187,194.0,,,3.0,0.0
10,1,2003,11:53, ,1177-04751,RT,A,,364.0,28.2,196,202.0,,,2.0,0.0
10,1,2003,13:40, ,1177-04752,RT,I,,370.0,30.4,217,224.0,,,2.0,0.0
10,1,2003,14:30, ,1207-72680,RT,I,,400.0,29.4,227,230.0,,,2.0,0.0
10,3,2003,09:18, ,1177-04753,RT,I,,375.0,28.6,220,226.0,,,1.0,0.0
10,3,2003,14:43, ,1207-72681,RT,I,,398.0,33.4,227,235.0,,,2.0,0.0
10,4,2003,11:04, ,1177-04754,RT,I,,385.0,31.5,238,245.0,,,2.0,0.0
10,4,2003,11:58, ,1142-19283,SS,I,M,156.0,11.2,122,130.0,,,4.0,0.25
10,4,2003,12:46, ,1204-45883,CH,I,M,230.0,19.7,201,210.0,,,2.5,0.5
10,5,2003,10:58, ,1204-45884,CH,I,M,220.0,20.0,185,190.0,,,2.0,0.0
10,6,2003,14:12, ,1142-19284,SS,I,M,163.0,11.7,137,140.0,,,3.0,0.0
10,7,2003,10:46, ,1807-53139,RT,I,,376.0,30.0,220,227.0,,,2.0,0.0
10,7,2003,11:17, ,1177-04755,RT,I,,360.0,30.0,212,221.0,,,3.0,0.0
10,7,2003,11:42, ,1177-04756,RT,A,,372.0,29.0,197,203.0,,,1.0,0.0
10,7,2003,11:58, ,1207-72682,RT,I,,400.0,33.5,230,237.0,,,2.0,0.0
10,7,2003,12:10, ,2003-99370,SS,A,F,194.0,14.5,147,150.0,,,4.0,1.0
10,7,2003,12:49, ,1807-53140,RT,I,,370.0,27.8,233,231.0,,,2.0,0.0
10,8,2003,10:31, ,1142-19285,SS,I,M,160.0,11.2,135,142.0,,,3.0,0.0
10,8,2003,11:08, ,1207-72683,RT,I,,403.0,32.8,140,245.0,,,2.0,0.0
10,8,2003,12:28, ,1177-04757,RT,I,,375.0,30.8,218,222.0,,,2.0,1.0
10,8,2003,14:48, ,1177-04758,RT,I,,373.0,32.5,222,225.0,,,2.0,0.0
10,10,2003,11:43, ,1177-04759,RT,I,,385.0,29.2,233,235.0,,,3.0,0.0
10,12,2003,10:10, ,2003-99371,SS,I,F,143.0,13.9,159,,,,3.0,0.5
10,12,2003,11:30, ,1142-19286,SS,I,M,162.0,11.4,136,143.0,,,4.0,0.0
10,12,2003,12:10, ,1207-72684,RT,I,,392.0,32.9,222,229.0,,,2.0,0.25
10,12,2003,13:15, ,1807-53141,RT,I,,372.0,28.2,203,,,,3.0,0.5
10,13,2003,12:00, ,1177-04760,RT,I,,375.0,28.0,218,226.0,,,2.0,0.0
10,13,2003, , ,1207-72685,RT,I,,415.0,34.0,242,242.0,,,2.0,0.25
10,14,2003,10:53, ,1142-19287,SS,A,M,161.0,11.7,129,136.0,,,4.0,0.0
10,14,2003,12:24, ,1177-04761,RT,A,,380.0,31.6,205,214.0,,,2.0,0.0
10,18,2003,12:45, ,788-36611,RT,A,,411.0,32.7,236,245.0,,,2.0,0.0
10,21,2003,09:08, ,1142-19288,SS,A,M,161.0,12.4,121,128.0,,,2.5,0.0
10,21,2003,10:19, ,1142-19289,SS,I,M,165.0,12.0,134,140.0,,,3.0,0.0
10,21,2003,11:35, ,1207-72686,RT,I,,393.0,32.7,233,236.0,,,2.0,0.0
10,21,2003,13:02, ,1177-04762,RT,I,,370.0,30.0,211,215.0,,,2.0,0.0
10,22,2003,12:19, ,1204-45885,CH,A,M,230.0,22.1,186,190.0,,,3.0,0.0
10,25,2003,11:07, ,1177-04763,RT,I,,365.0,28.9,217,221.0,,,1.0,0.0
10,25,2003,11:53, ,1177-04764,RT,I,,371.0,28.4,218,224.0,,,3.0,0.0
10,25,2003,12:47, ,1207-72687,RT,I,,400.0,33.8,241,248.0,,,4.0,0.25
10,25,2003,12:55, ,1177-04765,RT,A,,382.0,31.6,218,222.0,,,2.0,0.0
10,25,2003,13:27, ,1807-53142,RT,A,,371.0,29.2,208,214.0,,,3.0,0.25
10,25,2003,13:40, ,1177-04766,RT,A,,370.0,30.2,212,215.0,,,2.0,0.0
10,26,2003,11:35, ,2003-99372,SS,A,F,194.0,14.8,152,161.0,,,2.0,0.25
10,26,2003,12:15, ,1177-04767,RT,A,,347.0,29.8,203,206.0,,,1.0,0.0
10,30,2003,10:40, ,1177-04768,RT,I,,363.0,,218,229.0,,,2.0,0.0
10,30,2003,13:13, ,1213-58909,SS,I,F,195.0,14.5,153,163.0,,,3.0,0.0
10,30,2003,13:35, ,1177-04769,RT,A,,392.0,28.1,196,201.0,,,2.0,0.5
10,31,2003,11:20, ,1204-45886,CH,I,M,220.0,19.5,184,187.0,,,2.0,0.25
11,6,2003,10:06, ,2003-99373,SS,I,F,193.0,15.6,156,163.0,,,4.0,0.0
11,6,2003,13:02, ,1177-04770,RT,I,,365.0,30.0,217,226.0,,,2.0,0.0
11,7,2003,12:30, ,1177-04771,RT,A,,387.0,32.7,212,218.0,,,2.0,0.25
11,7,2003,13:45, ,1177-04772,RT,I,,400.0,29.7,237,246.0,,,3.0,0.25
11,8,2003,13:01, ,1801-53143,RT,I,,362.0,26.1,206,216.0,,,2.0,0.0
11,9,2003,12:00, ,803-05944,SS,I,F,198.0,15.8,158,165.0,,,3.0,0.0
11,9,2003,13:31, ,2003-99374,SS,I,F,190.0,15.0,157,164.0,,,3.0,0.25
11,11,2003,10:15, ,2003-99375,SS,I,F,197.0,15.6,157,166.0,,,4.0,0.0
11,13,2003,14:00, ,1177-04773,RT,A,,370.0,31.4,201,206.0,,,2.0,0.0
11,14,2003,13:35, ,1213-58910,SS,I,F,200.0,15.2,158,166.0,,,4.0,1.0
11,17,2003,10:19, ,1177-04774,RT,A,,360.0,30.6,224,230.0,,,4.0,0.75
11,18,2003,13:29, ,1177-04775,RT,A,,366.0,27.2,199,205.0,,,2.0,0.0
11,18,2003,13:45, ,1177-04776,RT,A,,402.0,31.0,219,214.0,,,3.0,0.0
11,18,2003,14:07, ,1207-53144,RT,I,,366.0,25.7,217,222.0,,,1.5,0.25
11,18,2003,14:44, ,1177-04777,RT,I,,380.0,27.6,224,227.0,,,3.0,0.0
11,19,2003,10:18, ,803-05985,SS,I,F,190.0,15.4,150,153.0,,,4.0,0.0
11,19,2003,12:02, ,1807-53145,RT,I,,360.0,27.6,211,215.0,,,2.0,0.0
11,20,2003,09:56, ,1177-04778,RT,I,,369.0,28.0,207,210.0,,,2.0,0.0
11,20,2003,13:30, ,1207-53145,RT,A,,199.0,32.1,222,226.0,,,1.0,0.0
